Customer ID,Customer Name,email,phone,address,Segment,Country,City,State,Postal Code,Region
PW-19240,Pierre Wener,bettysullivan808@gmail.com,421.580.0902x9815,"001 Jones Ridges Suite 338
Johnsonfort, FL 95462",Consumer,United States,Louisville,Colorado,80027.0,West
GH-14410,Gary567 Hansen,austindyer948@gmail.com,001-542-415-0246x314,"00347 Murphy Unions
Ashleyton, IA 29814",Home Office,United States,Chicago,Illinois,60653.0,Central
KL-16555,Kelly Lampkin,clarencehughes280@gmail.com,7185624866,"007 Adams Lane Suite 176
East Amyberg, IN 34581",Corporate,United States,Colorado Springs,Colorado,80906.0,West
AH-10075,Ad.       ..am Hart,angelabryant256@gmail.com,265.101.5569x1098,"01454 Christopher Turnpike
North Ryanstad, MI 36226",Corporate,United States,Columbus,Ohio,43229.0,East
PF-19165,Philip Fox,kristinereynolds576@gmail.com,001-473-645-2141x9154,"0158 Harris Ways Suite 085
East Laceyside, SD 35649",Consumer,United States,San Diego,California,92105.0,West
SC-20680,Steve Carroll,jasoncontreras178@gmail.com,(563)647-4830x5318,"01630 Tammy Prairie
North Daniel, KS 26404",Home Office,United States,Seattle,Washington,98105.0,West
JR-15700,Jocasta Rupert,johncombs689@gmail.com,-6181,"019 Emily Corner Apt. 810
Ryantown, SC 37010",Consumer,United States,Jacksonville,Florida,32216.0,South
AB-10105,Adrian Barton,daviddavis980@gmail.com,067.435.8553x692,"021 Katherine Mall
Jameston, DC 24685",Consumer,United States,Phoenix,Arizona,85023.0,West
PT-19090,Pete@#$ Takahito,mikaylaarnold666@gmail.com,786.638.6820,"0236 Lane Squares
Port Samantha, ME 15670",Consumer,United States,San Antonio,Texas,78207.0,Central
SG-20605,Speros Goranitis,brianjoyce110@gmail.com,3528465094,"02401 Angela Loop Apt. 678
Port John, ME 43448",Consumer,United States,Lafayette,Indiana,47905.0,Central
MH-17785,Maya Herman,christinasalas345@gmail.com,(722)376-5599x0693,"026 Colon Hill
New Pedromouth, CA 18437",Corporate,United States,San Diego,California,92105.0,West
KB-16240,Karen Bern,christopherperez199@gmail.com,817.409.0760x92195,"026 White Squares
Robertton, VA 78741",Corporate,United States,Odessa,Texas,79762.0,Central
JM-15535,Jessica Myrick,nicholasrussell869@gmail.com,924.484.7935,"02785 Johnson Shore
South Nathan, KY 45544",Consumer,United States,New York City,New York,10035.0,East
JH-16180,Justin Hirsh,kellymartinez374@gmail.com,001-361-720-6500x0984,"0317 Parker Lane
Port Jennifer, OK 19258",Consumer,United States,Philadelphia,Pennsylvania,19140.0,East
CS-12400,Christopher Schild,matthewwilliams637@gmail.com,106-229-5443x7580,"034 Lynch Squares
North Benjaminside, MH 42764",Home Office,United States,Philadelphia,Pennsylvania,19134.0,East
LR-17035,Lisa Ryan,lorimorrow317@gmail.com,(549)707-5809,"035 Cox View Suite 514
East Carlton, VA 31206",Corporate,United States,Santa Clara,California,95051.0,West
TW-21025,Tam&^*ara Willing___)ham,selenajones479@gmail.com,2323700362,"03551 Michael Shore
Lake Barryview, MH 82312",Home Office,United States,Charlottesville,Virginia,22901.0,South
SR-20425,Sharelle Roach,raymondpeck288@gmail.com,897-362-7773,"03958 Shane Lakes
New Jessicatown, AR 78525",Home Office,United States,Louisville,Colorado,80027.0,West
AS-10285,Alejandro Savely,laceymercado410@gmail.com,2167104605,"04225 Lee Manor
Castroville, HI 72528",Corporate,United States,San Francisco,California,94109.0,West
KB-16405,Kat rina Bavinger,michaelwood756@gmail.com,001-347-866-9161x248,"0432 Jennifer Port Suite 897
Johnstad, AR 12201",Home Office,United States,Apple Valley,California,92307.0,West
DW-13480,Dianna Wilson,alejandrobailey724@gmail.com,(432)851-1371x262,"04653 Fischer Valley
East Daltonhaven, MO 31850",Home Office,United States,Lakeville,Minnesota,55044.0,Central
JG-15310,Jason Gross,danielpaul555@gmail.com,035.841.4918x9187,"04852 Wise Row
Davidfurt, AR 32041",Corporate,United States,Newark,Ohio,43055.0,East
TS-21085,Thais Sissman,jamesjohnson660@gmail.com,001-295-152-2880x529,"04890 Sweeney Turnpike
East Mariaside, DC 09754",Consumer,United States,Ormond Beach,Florida,32174.0,South
KN-16705,Kristi;'[]na Nunn,sabrinahayes269@gmail.com,#ERROR!,"04950 Joseph Meadow
East Kyleville, FM 82237",Home Office,United States,Sparks,Nevada,89431.0,West
CM-12115,Chad McGuire,sharonwarner980@gmail.com,033.934.6095x127,"050 Anna Camp
South Jonathan, WY 45473",Consumer,United States,New York City,New York,10011.0,East
KM-16660,Khloe Miller,rebeccaduncan343@gmail.com,747-163-4436,"05121 Bailey Road Apt. 128
Kimtown, FM 78739",Consumer,United States,San Jose,California,95123.0,West
HL-15040,Hunter Lopez,williamduncan418@gmail.com,#ERROR!,"053 Cole Crossing Apt. 330
Stephenchester, NH 13417",Consumer,United States,Houston,Texas,77095.0,Central
SN-20560,Skye Norling,michaellarson861@gmail.com,221.915.9550x053,"053 Taylor Way
West Amyshire, AL 42560",Home Office,United States,Roseville,Michigan,48066.0,Central
EH-13945,Eric Hoffmann,matthewjackson214@gmail.com,001-121-794-8294x233,"054 Lisa Via
Knightshire, NJ 55533",Consumer,United States,Los Angeles,California,90049.0,West
FO-14305,Frank Olsen,kendraholder796@gmail.com,#ERROR!,"0543 Martinez Mount Suite 497
South Johnfort, NM 85655",Consumer,United States,Philadelphia,Pennsylvania,19143.0,East
MO-17500,Mary O'Rourke,christianhernandez412@gmail.com,100-693-3442x52592,"05648 Steve Square
Rodriguezborough, VT 46209",Consumer,United States,The Colony,Texas,75056.0,Central
CM-12190,Charlotte Melton,brookedurham899@gmail.com,(800)291-2980x90939,"0566 Jordan Curve Suite 033
Port Thomas, CT 88641",Consumer,United States,Philadelphia,Pennsylvania,19134.0,East
MW-18235,Mitch Willin0009gham,davidhardy395@gmail.com,#ERROR!,"0570 Donna Summit Suite 420
Simpsonhaven, DC 52116",Corporate,United States,Virginia Beach,Virginia,23464.0,South
JL-15505,Jeremy Lonsdale,veronicajones946@gmail.com,#ERROR!,"0574 Henson Parkway Apt. 729
Gloverborough, AR 56415",Consumer,United States,Westminster,California,92683.0,West
MA-17560,Matt Abelman,kimberlywright592@gmail.com,(523)588-1399,"0575 Jessica Common
New Christopherside, OH 07974",Home Office,United States,Everett,Massachusetts,2149.0,East
GK-14620,Grace Kelly,kevinmarshall134@gmail.com,356.320.0764x8509,"05836 Mary Islands Apt. 965
Andrestad, WV 57636",Corporate,United States,Los Angeles,California,90049.0,West
VM-21685,Valerie Mitchum,pamelathompson911@gmail.com,(693)073-5569x9356,"0592 James Landing Apt. 950
East Steven, NJ 78538",Home Office,United States,Seattle,Washington,98105.0,West
AM-10360,Alice McCarthy,francisvelez579@gmail.com,036-214-6097,"060 Christopher Extensions
Youngmouth, AR 10160",Corporate,United States,Grand Prairie,Texas,75051.0,Central
JH-15820,John Hus<>><>ton,jamescobb897@gmail.com,(662)360-4262x960,"0646 Ryan Mill Suite 870
New Benjaminburgh, LA 49585",Consumer,United States,New York City,New York,10009.0,East
JJ-15445,Jennifer Jackson,maryswanson392@gmail.com,-5331,"065 Michelle Circle Apt. 518
South Cynthia, NH 41346",Consumer,United States,Chicago,Illinois,60623.0,Central
TB-21520,&&Tracy Blumstein,codysalinas340@gmail.com,841-001-0836,"066 Stephanie Center Suite 944
Lake Brandonfort, WA 29497",Consumer,United States,Philadelphia,Pennsylvania,19140.0,East
HR-14770,Hallie Redmond,stevencortez429@gmail.com,180.346.6802x84776,"0676 Floyd Union
Welchchester, UT 61187",Home Office,United States,Richmond,Indiana,47374.0,Central
AG-10675,Anna Gayman,raymondtaylor702@gmail.com,001-481-600-8572x422,"07867 John Mills Apt. 985
Tinaville, ID 59142",Consumer,United States,Concord,North Carolina,28027.0,South
AS-10630,Ann Steele,daniellegarcia717@gmail.com,5637538803,"0791 Tiffany Well
West Matthew, RI 08141",Home Office,United States,San Francisco,California,94110.0,West
TH-21115,Thea Hudgings,douglasbrown865@gmail.com,860.170.8345x2420,"0799 Harris Courts
Port Jessicatown, AR 20581",Corporate,United States,Houston,Texas,77070.0,Central
CS-11950,Carlos Soltero,emilyjones872@gmail.com,#ERROR!,"08013 Robertson Islands
Lake Paulbury, MH 73051",Consumer,United States,Jackson,Mississippi,39212.0,South
DV-13465,Dianna Vittorini,brendahines266@gmail.com,001-581-945-5641,"081 Johnson Isle
Moranborough, MO 27456",Consumer,United States,Oceanside,New York,11572.0,East
NC-18625,Noah Childs,timothypatterson465@gmail.com,#ERROR!,"08130 Eric Garden
East Matthewtown, PA 36866",Corporate,United States,Aurora,Colorado,80013.0,West
FA-14230,Frank Atkinson,jaclynbarton150@gmail.com,001-762-829-8995x0222,"082 Cohen Falls
Kimberlyland, AZ 84170",Corporate,United States,San Antonio,Texas,78207.0,Central
JK-15625,Jim Karlsson,jessicamoore202@gmail.com,(128)935-6357x6738,"0840 Morgan Island
Scottmouth, MT 86700",Consumer,United States,Olympia,Washington,98502.0,West
MS-17980,Michael Stewart,samanthasmall786@gmail.com,#ERROR!,"085 Robert Hollow
New Heidihaven, WV 04543",Corporate,United States,Philadelphia,Pennsylvania,19134.0,East
XP-21865,Xylona Preis,bradleywilliams694@gmail.com,#ERROR!,"0869 Stark Path
Port Jacqueline, VA 94712",Consumer,United States,Westland,Michigan,48185.0,Central
MV-18190,_Mike Vitt 12313orini,juliesimon499@gmail.com,(359)650-7737x153,"09005 Scott Cliff Apt. 969
East Joseph, CA 36701",Consumer,United States,New York City,New York,10035.0,East
KD-16495,Keith Dawkins,rebeccawilson166@gmail.com,001-153-366-9185x3458,"093 Valdez Square
West Michelle, MT 77716",Corporate,United States,Chesapeake,Virginia,23320.0,South
RD-19930,Russell D'Ascenzo,debraavila531@gmail.com,(146)364-6325,"094 Frank Port Apt. 675
Padillaton, NE 48897",Consumer,United States,Dallas,Texas,75217.0,Central
BE-11455,Brad Eason,thomaswood493@gmail.com,(355)634-8577x663,"0943 Ayala Garden
East Ann, UT 95055",Home Office,United States,Springfield,Missouri,65807.0,Central
GM-14695,Greg Maxwell,karenjenkins177@gmail.com,112.745.5859x734,"098 Antonio Inlet
New Katrinaport, AZ 93735",Corporate,United States,Alexandria,Virginia,22304.0,South
AS-10135,Adrian Shami,patriciajones445@gmail.com,001-074-7224x272,"098 Shelly Dale Apt. 244
Delgadoshire, SD 26738",Home Office,United States,Auburn,Washington,98002.0,West
MT-18070,Michelle Tran,brandonlindsey438@gmail.com,001-419-606-6431x358,"1017 Frederick Ridge Apt. 952
Lake Richardland, IL 70430",Home Office,United States,Tulsa,Oklahoma,74133.0,Central
HE-14800,Harold Engle,jenniferli627@gmail.com,946.113.9832x804,"103 Theodore Expressway Suite 819
Morrisonshire, UT 12384",Corporate,United States,Newark,Delaware,19711.0,East
NP-18670,N0ra Paige,rodneysutton737@gmail.com,324-915-4193,"10316 Debra Unions
South Melody, IL 47403",Consumer,United States,Lakewood,New Jersey,8701.0,East
TH-21550,Tracy Hopkins,mariaburnett804@gmail.com,001-008-741-7688,"104 Hayden Locks Apt. 236
Popeside, IL 81484",Home Office,United States,Detroit,Michigan,48227.0,Central
RD-19585,Rob Dowd,danielleware947@gmail.com,#ERROR!,"1055 Leslie Squares Apt. 640
North Jacob, AZ 25423",Consumer,United States,Dubuque,Iowa,52001.0,Central
CD-12280,Christina DeMoss,josephsparks348@gmail.com,001-184-368-4527,"10888 Ortiz Circle Suite 427
East Karen, CT 17147",Consumer,United States,Seattle,Washington,98105.0,West
JK-15370,Jay Kimmel,hollyfowler486@gmail.com,001-597-809-2330x725,"112 Terry Stream
East Charles, AS 61238",Consumer,United States,New York City,New York,10035.0,East
MM-18055,Michelle Moray,andrewhays420@gmail.com,#ERROR!,"1127 Cole Skyway
Lake Steven, OK 62340",Consumer,United States,San Francisco,California,94110.0,West
JG-15115,Jack Garza,jennifermyers876@gmail.com,713.315.6216x96588,"1130 Carl Shores Suite 410
West Paul, DE 57610",Consumer,United States,Jacksonville,North Carolina,28540.0,South
ML-18265,Muhammed Lee,victorvilla295@gmail.com,-4998,"115 Jeffrey Path
North Codyhaven, WY 13871",Consumer,United States,Fayetteville,North Carolina,28314.0,South
LS-17230,Lycoris Saunders,michaelduncan867@gmail.com,001-471-226-0624,"115 Wilson Glen
Jessicaborough, IA 88686",Consumer,United States,Grand Prairie,Texas,75051.0,Central
SC-20095,Sanjit Chand,andrewbaldwin225@gmail.com,(262)670-6626,"116 Jennifer Islands Suite 596
Denisehaven, AZ 33079",Consumer,United States,Los Angeles,California,90004.0,West
MD-17860,Michael Dominguez,jessicapham388@gmail.com,135.222.5688x624,"12021 Price Road Apt. 923
Barberbury, PW 78361",Corporate,United States,Indianapolis,Indiana,46203.0,Central
KM-16720,Kunst Miller,oliviarush716@gmail.com,218-513-0368x9879,"12167 Mckee Lodge
Rangelport, DE 61073",Consumer,United States,Lowell,Massachusetts,1852.0,East
JM-15655,Jim Mi....tchum,laurenperez268@gmail.com,297-346-4811x730,"122 Garcia Loop Suite 998
Zacharyhaven, VI 36852",Corporate,United States,Bridgeton,New Jersey,8302.0,East
MG-18145,Mike Gockenbach,jessecarroll283@gmail.com,1147249189,"12457 Steve Mountain
Cannonchester, NE 71558",Consumer,United States,Philadelphia,Pennsylvania,19134.0,East
CK-12760,Cyma Kinney,javierjones182@gmail.com,(674)865-6806x731,"12668 Zuniga Fords
Bryantberg, MS 85882",Corporate,United States,San Francisco,California,94122.0,West
RM-19750,Roland Murray,caseyrobbins335@gmail.com,(704)299-4866,"129 Deborah Junctions
Danielleside, FL 80925",Consumer,United States,New York City,New York,10011.0,East
GZ-14545,George Zrebassa,geraldromero654@gmail.com,#ERROR!,"130 William Square Apt. 534
South Anthony, MP 02233",Corporate,United States,Los Angeles,California,90008.0,West
RA-19285,Ralph Arnett,meganlittle764@gmail.com,308.277.4202,"13029 Mitchell Road
Rojasmouth, MD 66106",Consumer,United States,Lakeland,Florida,33801.0,South
LS-16945,Linda Southworth,taylorwagner760@gmail.com,563679462,"1313 Cardenas Tunnel Suite 447
Jacksonside, PW 65503",Corporate,United States,Denver,Colorado,80219.0,West
MG-17695,Maureen Gnade,toddgarcia155@gmail.com,205.653.7320x574,"1334 Buchanan Via Apt. 103
Stevenstad, MI 10200",Consumer,United States,Philadelphia,Pennsylvania,19134.0,East
AR-10570,Anemone Ratner,charlesgarcia241@gmail.com,(830)775-6431,"13369 Porter Plains Apt. 971
North Markfurt, AZ 67818",Consumer,United States,Columbus,Georgia,31907.0,South
BM-11140,B         ecky Martin,stephaniehicks386@gmail.com,775-548-2891x2689,"134 Garcia Shores
New Kennethbury, NH 90734",Consumer,United States,Des Moines,Washington,98198.0,West
CV-12295,Christina VanderZanden,anthonynicholson395@gmail.com,(370)234-9961x20582,"1367 Kimberly Walk
Douglasmouth, ND 84875",Consumer,United States,Fresno,California,93727.0,West
SW-20275,Scott Williamson,kennethcarter728@gmail.com,001-298-443-9265,"137 John Ridges
Ashleybury, VI 16125",Consumer,United States,Royal Oak,Michigan,48073.0,Central
TS-21340,Toby Swindell,michelleedwards355@gmail.com,#ERROR!,"1408 Eric Square Apt. 731
Pamelahaven, CT 29609",Consumer,United States,Scottsdale,Arizona,85254.0,West
FM-14290,Frank Merwin,denisecook866@gmail.com,202-494-3717,"143 Danielle Route
New Seanburgh, FM 77823",Home Office,United States,Quincy,Massachusetts,2169.0,East
MP-17470,Mark Packer,nicholasrobinson191@gmail.com,001-806-411-6730x95406,"143 Kyle Throughway Suite 713
North Jacobville, SC 41104",Home Office,United States,New York City,New York,10035.0,East
AB-10060,Adam Bellavance,nicolejones228@gmail.com,1783534757,"14354 Baker Harbor Apt. 017
Ericville, HI 11192",Home Office,United States,Des Moines,Washington,98198.0,West
JE-15745,Joel Eaton,geraldrush297@gmail.com,#ERROR!,"1460 Edward Turnpike Suite 165
Amyborough, NH 26505",Consumer,United States,Memphis,Tennessee,38109.0,South
AB-10150,Aimee Bixby,jasonmontgomery889@gmail.com,001-208-220-1519,"14657 Scott Loop Apt. 735
Port Ashley, NH 34470",Consumer,United States,Dallas,Texas,75220.0,Central
AH-10030,Aaron Hawkins,jonathanmanning648@gmail.com,563.533.7683x324,"1501 Gregory Glens Suite 940
Stephensstad, GU 55206",Corporate,United States,Los Angeles,California,90004.0,West
BT-11485,Brad Thomas,jeffreysullivan581@gmail.com,671.326.4890,"15667 Andrade Way Suite 492
Juliebury, FL 55720",Home Office,United States,Clinton,Maryland,20735.0,East
SS-20515,Shirl)(*&ey Schmidt,heidireeves511@gmail.com,452-912-1425x79315,"157 Laura Greens Apt. 445
Carrillobury, PA 77989",Home Office,United States,Louisville,Kentucky,40214.0,South
MP-17965,Michael Paige,ashleymorris753@gmail.com,#ERROR!,"158 Bruce Green Suite 059
New Amber, NC 54520",Corporate,United States,Detroit,Michigan,48205.0,Central
CP-12085,Cathy Prescott,morgancooper145@gmail.com,540-110-0582x2728,"1585 Jorge Square
Franklinhaven, ME 63668",Corporate,United States,Norwich,Connecticut,6360.0,East
QJ-19255,Quincy Jones,brandonlee327@gmail.com,806.914.0835,"1603 Robin Stream Suite 668
South Douglas, NM 62416",Corporate,United States,Burlington,Vermont,5408.0,East
DB-13615,Doug Bickford,robertbryan207@gmail.com,#ERROR!,"1631 Moore Streets
Theresaport, WA 23450",Consumer,United States,Asheville,North Carolina,28806.0,South
ML-17410,Maris LaWare,danielleriddle396@gmail.com,(988)525-7680x4637,"1647 Smith Pines
Mathewstown, UT 53633",Consumer,United States,Phoenix,Arizona,85023.0,West
HW-14935,Helen Wa55erman,brendadavis173@gmail.com,#ERROR!,"1657 Donald Roads
South Joshua, VI 02005",Corporate,United States,Tulsa,Oklahoma,74133.0,Central
RL-19615,Rob Lucas,melissaproctor661@gmail.com,300.920.4493x1849,"166 Cooley Meadows
North Brooke, AZ 37460",Consumer,United States,Chicago,Illinois,60610.0,Central
NK-18490,Neil Knudson%^&*(,christophervincent981@gmail.com,(774)401-3846x13725,"166 Taylor Heights
New Cindyberg, FL 39381",Home Office,United States,San Francisco,California,94122.0,West
AR-10405,Allen Rosenblatt,carolyngreen312@gmail.com,490.046.4088x3297,"16623 Jordan Estate Suite 664
East Stephanie, CT 22452",Corporate,United States,Los Angeles,California,90036.0,West
AB-10600,Ann Blume,jacquelinewang322@gmail.com,691-557-6502,"16963 Stewart Curve Suite 279
South Cameron, ND 25136",Corporate,United States,Tucson,Arizona,85705.0,West
SK-19990,Sally Knut_son,patrickcampbell814@gmail.com,001-192-108-5085x880,"1698 Jones Spring
South Sabrinahaven, MH 43416",Consumer,United States,Toledo,Ohio,43615.0,East
MC-17575,Matt Collins,jessicadavis929@gmail.com,-9274,"170 Bryan Ford
Denniston, MS 13022",Consumer,United States,Fayetteville,North Carolina,28314.0,South
AB-10015,Aaron Bergman,williamjackson427@gmail.com,625.626.9133x374,"170 Jackson Loaf
Kristenland, AS 48876",Consumer,United States,Arlington,Texas,76017.0,Central
LL-16840,Lauren Leatherbury,ericrogers455@gmail.com,001-893-676-3083,"17238 Wagner Oval Suite 892
Francoside, CO 86130",Consumer,United States,Los Angeles,California,90032.0,West
SP-20860,)(*&Sung Pak,kevinthomas242@gmail.com,#ERROR!,"173 Katie Run
East Keith, ID 95784",Corporate,United States,Rochester,Minnesota,55901.0,Central
CR-12730,Craig Reiter,maryzamora706@gmail.com,-3774,"173 Patrick Villages Suite 685
Keithborough, IN 16335",Consumer,United States,Chicago,Illinois,60610.0,Central
SS-20590,Sonia Sunley,jasmineyoung370@gmail.com,(770)852-2981x16146,"176 Kelly Shoal Suite 432
East Melissaburgh, TN 17745",Consumer,United States,San Francisco,California,94122.0,West
BK-11260,Berenike Kampe,jamesreynolds483@gmail.com,#ERROR!,"1763 Murphy Trace Apt. 572
Martinezfort, NC 61264",Consumer,United States,Chicago,Illinois,60610.0,Central
SM-20950,Suzanne McNair,daviddavis908@gmail.com,479-091-6537,"17658 Sims Forges Suite 295
West Kevinmouth, GU 54480",Corporate,United States,Philadelphia,Pennsylvania,19134.0,East
RD-19810,Ross DeVincentis,cynthiasmith578@gmail.com,618.749.2158x191,"1775 Williams Pines
North Gregorymouth, FL 96606",Home Office,United States,Fayetteville,North Carolina,28314.0,South
BH-11710,Brosin34a Hoffman 09,davidyoder542@gmail.com,994-857-8142,"178 Shawna Forge
Elizabethside, NH 45291",Consumer,United States,Los Angeles,California,90032.0,West
BS-11380,Bi1l Stewart,veronicastein869@gmail.com,108.653.8091x602,"17840 Kathleen Island
East Arthur, MA 84556",Corporate,United States,Bowling Green,Ohio,43402.0,East
SB-20170,Sarah Bern,sandramedina626@gmail.com,786.394.1814,"180 Chen Parks
Danielleside, PW 37806",Consumer,United States,New York City,New York,10035.0,East
CM-12655,Corinna Mitchell,heatherali563@gmail.com,(743)869-4687x7610,"18051 Courtney Dam
South Joannaside, MA 63768",Home Office,United States,Houston,Texas,77041.0,Central
JF-15295,Jason Fortune-,mauricemiller654@gmail.com,#ERROR!,"181 Janet Port
Lake Adam, LA 23850",Consumer,United States,Seattle,Washington,98103.0,West
CJ-11875,Carl Jackson,terrybailey896@gmail.com,368-919-4954x656,"18136 Benton Port Suite 725
West Albertfurt, WV 58853",Corporate,United States,Philadelphia,Pennsylvania,19140.0,East
DK-13150,David K ';lendrick,vincentkline747@gmail.com,001-748-557-8466x307,"18458 Shaw Radial
Stevenshire, KS 83373",Corporate,United States,Decatur,Illinois,62521.0,Central
RR-19315,Ralph Ritter,tanyacooper666@gmail.com,(647)479-3211x88296,"19015 Martin Mission
Port Paul, NE 74204",Consumer,United States,Aurora,Illinois,60505.0,Central
RP-19855,Roy Phan,dannynixon584@gmail.com,001-461-875-8949,"1905 Zoe Prairie
North Sharonside, MT 40975",Corporate,United States,Kenosha,Wisconsin,53142.0,Central
TS-21655,Trudy Schmidt,scottperez509@gmail.com,#ERROR!,"194 Rebecca Viaduct
Marybury, MO 95010",Consumer,United States,El Paso,Texas,79907.0,Central
JB-16045,Julia Barnett,jessicacollins591@gmail.com,001-892-520-8947x048,"195 Kelly Valleys
New Caitlynton, CT 95707",Home Office,United States,Columbus,Georgia,31907.0,South
LB-16735,Larry Blacks,kylecollins125@gmail.com,-8457,"1955 Contreras Creek Suite 968
West Johnland, WV 97846",Consumer,United States,Los Angeles,California,90032.0,West
AG-10270,Alejandro Grove,jamesjohnson681@gmail.com,(303)790-8926,"19870 Sean Parkway
North Jamesfurt, NC 28950",Consumer,United States,Philadelphia,Pennsylvania,19120.0,East
CS-12505,Cindy Stewart,amyscott772@gmail.com,001-558-090-5290,"19927 Romero Garden Apt. 732
Palmerbury, WY 72270",Consumer,United States,Lancaster,Ohio,43130.0,East
RA-19945,Ryan Akin,aliciaedwards846@gmail.com,9394722116,"203 Ellis Via
Hermanport, CT 30045",Consumer,United States,Dallas,Texas,75217.0,Central
AM-10705,Anne McFarland,matthewvelez409@gmail.com,#ERROR!,"206 Larry Divide Apt. 484
North Justin, NH 22202",Consumer,United States,Cranston,Rhode Island,2920.0,East
CW-11905,Carl Weiss,xaviermiles470@gmail.com,609.878.4177x209,"206 Reese Meadows
Heathertown, FM 14554",Home Office,United States,Bozeman,Montana,59715.0,West
MO-17950,Michael Oakman,keithproctor594@gmail.com,(613)787-8746x0073,"20944 Christopher Square Suite 497
Port Erin, IA 58480",Consumer,United States,Jacksonville,North Carolina,28540.0,South
BC-11125,Becky Castell,guybennett480@gmail.com,001-861-717-8433x09123,"21120 Anderson Isle
North Michaelside, CA 64898",Home Office,United States,El Cajon,California,92020.0,West
TH-21235,Tiffany House,stevejackson413@gmail.com,(541)892-1991x13238,"2141 Pittman Throughway Suite 244
Anthonyland, KS 05416",Corporate,United States,Chicago,Illinois,60653.0,Central
KL-16645,Ken Lonsdale,patriciaprice614@gmail.com,790.294.0753,"21725 Jeffrey Springs Apt. 007
Walkerland, WA 47273",Consumer,United States,Springfield,Oregon,97477.0,West
CR-12820,Cyra Reiten,larrycole178@gmail.com,#ERROR!,"2201 Jackson Fords Apt. 384
East Megan, MS 16415",Home Office,United States,Houston,Texas,77041.0,Central
GA-14725,Guy Armstrong,jodiwilkerson714@gmail.com,-3789,"2201 Johnston Ports
South Marymouth, TN 85991",Consumer,United States,Dallas,Texas,75081.0,Central
EA-14035,Erin Ashbrook,justinstewart627@gmail.com,(055)348-8789x4776,"22057 Wagner Wall
Port Jamesbury, TN 03553",Corporate,United States,Mason,Ohio,45040.0,East
BO-11350,Bi1l Overfelt,debbierogers865@gmail.com,(189)103-9259x37127,"22244 Jonathan Ville
Danielbury, PR 03888",Corporate,United States,Philadelphia,Pennsylvania,19134.0,East
IM-15070,Irene Maddox,feliciasmith589@gmail.com,(655)231-3030x70033,"225 Webb Trail Suite 057
Lisastad, ID 05147",Consumer,United States,Colorado Springs,Colorado,80906.0,West
NB-18655,Nona Balk,amandalawson360@gmail.com,662.818.2758x26758,"2256 Kerri Lights Suite 267
Joelport, CA 73170",Corporate,United States,New York City,New York,10011.0,East
MB-18085,Mick Brown,christinanelson514@gmail.com,(449)588-9411x70724,"2279 Chambers Points
Ariasmouth, MO 45420",Consumer,United States,Roseville,California,95661.0,West
JJ-15760,Joel Jenkins,kimberlymoreno351@gmail.com,649.511.1971x8329,"231 Crystal Estate
Karinaside, AS 12091",Home Office,United States,Houston,Texas,77036.0,Central
RS-19420,Ricardo Sperren,christopherhernandez492@gmail.com,(124)613-8671x36452,"235 Tucker Forges
Alejandroburgh, VT 80592",Corporate,United States,Seattle,Washington,98115.0,West
PO-18850,Patrick O'Brill,jacquelinesmith301@gmail.com,6811356812,"236 Hughes Overpass Suite 767
Gonzalezton, IA 78335",Consumer,United States,San Francisco,California,94109.0,West
PS-18970,Paul Stevenson,markbutler164@gmail.com,320-191-6913x8525,"238 Kimberly Crossing
Josestad, NJ 41394",Home Office,United States,New York City,New York,10024.0,East
AZ-10750,Annie Zypern,sandragolden932@gmail.com,050-863-0515x579,"239 Mitchell Plaza
Allenborough, MS 09082",Consumer,United States,San Diego,California,92037.0,West
JH-15910,Jonathan Howell,colinroach278@gmail.com,(955)056-2765,"2408 Brenda Lock
South Shane, ME 74148",Consumer,United States,Tulsa,Oklahoma,74133.0,Central
RK-19300,Ralph Kennedy,tracyevans892@gmail.com,3928071817,"24385 Katherine Divide Apt. 349
Hoganberg, NC 27728",Consumer,United States,South Bend,Indiana,46614.0,Central
AI-10855,Arianne Irving,melissasmith381@gmail.com,044.231.7353x284,"24619 David Drive
New Davidmouth, TX 88651",Consumer,United States,New York City,New York,10035.0,East
AH-10195,Alan Haines,craigmyers395@gmail.com,570.096.8289,"248 Koch Harbor
Jonathanhaven, AL 29645",Corporate,United States,Tamarac,Florida,33319.0,South
NM-18445,Nathan Mautz,angelafrancis449@gmail.com,#ERROR!,"24819 Lynch Island Apt. 247
East Tonya, LA 64913",Home Office,United States,New York City,New York,10024.0,East
TT-21070,Ted Trevino,aaroncarey644@gmail.com,362.047.7787x857,"253 Mindy Curve
West Amandastad, ID 70219",Consumer,United States,Seattle,Washington,98103.0,West
LW-16825,Laurel Workman,annawong243@gmail.com,586.110.6282x73735,"2550 Valentine Crest Suite 016
West Rebeccachester, TX 31320",Corporate,United States,New York City,New York,10024.0,East
JM-15265,Janet Molinari,jacobwilliamson257@gmail.com,#ERROR!,"25593 Deanna Prairie
North Craigfurt, AK 40672",Corporate,United States,Chicago,Illinois,60653.0,Central
PB-19105,Peter Bühler,breannamarsh754@gmail.com,(779)592-4130,"2560 Flores Expressway
Lake Nancy, NJ 47924",Consumer,United States,Houston,Texas,77095.0,Central
RH-19510,Rick Huthwaite,cheryltorres345@gmail.com,001-888-076-7041x3471,"25655 Brooke Mill Apt. 025
Mollyfurt, VA 68836",Home Office,United States,San Diego,California,92037.0,West
PL-18925,Paul Lucas,marissahall149@gmail.com,001-744-003-1432x75200,"25889 Brian Locks
East Amber, AS 39437",Home Office,United States,Los Angeles,California,90049.0,West
VB-21745,Victo 3456ria Brennan,dominiquebell687@gmail.com,(678)218-4398,"25944 Michelle Lodge
Sarahtown, CA 84567",Corporate,United States,San Antonio,Texas,78207.0,Central
BE-11335,Bi1l Eplett,rickyphillips472@gmail.com,849.472.4799x3435,"2598 Watson Points
Johnsonstad, RI 13310",Home Office,United States,Houston,Texas,77041.0,Central
LM-17065,Liz MacKendrick,markchandler985@gmail.com,#ERROR!,"2625 Nelson Hill
Frankborough, OR 23315",Consumer,United States,Hot Springs,Arkansas,71901.0,South
MZ-17335,Maria Zettner,michaelgilbert463@gmail.com,#ERROR!,"265 Austin Mills Suite 915
Romerofurt, HI 73579",Home Office,United States,San Francisco,California,94109.0,West
BS-11665,Brian Stugart,jeremylee380@gmail.com,(877)469-1127,"2665 Olivia Orchard
Seanburgh, DE 90669",Consumer,United States,Chicago,Illinois,60623.0,Central
SG-20470,Sheri Gordon,emilysanders780@gmail.com,(105)604-4006,"2676 Washington Overpass
Davismouth, AR 20105",Consumer,United States,Atlanta,Georgia,30318.0,South
VT-21700,Valerie Takahito,lorrainepowell248@gmail.com,718.871.8092x916,"26789 Villanueva Greens Suite 895
South Janicechester, MD 81115",Home Office,United States,Houston,Texas,77070.0,Central
LC-16960,Lindsay Castell,seanwilliams216@gmail.com,576-278-1572x214,"270 Burgess Cliff Apt. 571
New Lynn, KY 02929",Home Office,United States,New York City,New York,10024.0,East
BP-11290,Beth Paige,dawnjohnson466@gmail.com,001-136-100-4593x2756,"270 Peck Neck Apt. 401
Port Briana, OK 79184",Consumer,United States,Los Angeles,California,90008.0,West
NF-18595,Nicole Fjeld,davidcooper488@gmail.com,(450)033-7263,"272 Daniel Mountains
Rosemouth, SC 10204",Home Office,United States,New York City,New York,10009.0,East
AA-10480,Andrew Allen,johnwalker944@gmail.com,388-142-4883x5370,"27265 Murray Island
Kevinfort, PA 63231",Consumer,United States,Concord,North Carolina,28027.0,South
BP-11185,Ben Pet 987 -=erman,jessicawelch323@gmail.com,002-252-2134x2376,"273 Mary Street
North Caitlin, NC 52482",Corporate,United States,Philadelphia,Pennsylvania,19143.0,East
JL-15130,Jack Lebron,kyleevans801@gmail.com,8687281308,"273 Watts Common Suite 793
Ericview, HI 86982",Consumer,United States,Lancaster,Ohio,43130.0,East
SF-20200,Sarah Foster,judydillon345@gmail.com,9223647411,"27567 Veronica Pines Apt. 548
Murphymouth, HI 03165",Consumer,United States,Marysville,Washington,98270.0,West
IM-15055,Ionia McGrath,justinrusso980@gmail.com,(195)333-4904,"2764 Hayley Square
Ericton, AZ 93691",Consumer,United States,Roseville,California,95661.0,West
HG-14845,Harry Greene,sandrajackson911@gmail.com,(592)274-7263x337,"27695 Jessica Forge Apt. 530
Taylorstad, IL 81913",Consumer,United States,Houston,Texas,77041.0,Central
DL-13495,Dionis Lloyd,jeremyandrews576@gmail.com,001-475-397-9924x023,"277 Donna Heights
Greenefurt, MT 57005",Corporate,United States,San Francisco,California,94110.0,West
LP-17080,Liz Pelletier,jonathanturner769@gmail.com,9813910479,"278 Willis Run
North Mitchellburgh, RI 34572",Consumer,United States,Seattle,Washington,98103.0,West
JE-15475,Jeremy Ellison,stevenlewis603@gmail.com,(558)291-1287x9008,"2801 Sharon Tunnel Suite 549
Lake Yvonne, WY 30987",Consumer,United States,Houston,Texas,77095.0,Central
DB-12910,Daniel Byrd,derekdixon106@gmail.com,287.193.4935x697,"28031 Kimberly Course Suite 046
North Nathanmouth, GA 36858",Home Office,United States,Fort Lauderdale,Florida,33311.0,South
KM-16225,Kalyca Meade,shellycox842@gmail.com,#ERROR!,"283 Tina Pines Apt. 906
Dawnborough, CA 27773",Corporate,United States,Baltimore,Maryland,21215.0,East
MB-17305,Maria Bertelson,corylopez267@gmail.com,001-358-339-2510x641,"28418 Patterson Stravenue Apt. 478
East Randyfort, FL 68769",Consumer,United States,Nashville,Tennessee,37211.0,South
LO-17170,Lori Olson,jacobcalderon640@gmail.com,-9859,"285 Roberts Falls Suite 156
New Brianshire, VI 02979",Corporate,United States,La Quinta,California,92253.0,West
RO-19780,Rose O'Brian,scottfrank411@gmail.com,(144)960-5966,"28537 Jennifer Lakes Apt. 557
East Christineberg, CT 53770",Consumer,United States,Memphis,Tennessee,38109.0,South
AT-10735,Annie Thurman,jeremyrodriguez468@gmail.com,823.282.6631x620,"287 Guerrero Roads Suite 079
Ochoatown, CT 50932",Consumer,United States,Nashville,Tennessee,37211.0,South
MW-18220,Mitch Webber,michaelbrown355@gmail.com,(638)359-7262x4213,"2879 Frazier Route Apt. 690
Port Terri, ID 74237",Consumer,United States,Lancaster,Ohio,43130.0,East
TM-21490,Tony Molinari,timothywells902@gmail.com,468.440.3998,"2888 Edwards Hollow
Lake Brandonbury, RI 55570",Consumer,United States,Yonkers,New York,10701.0,East
SV-20785,Stewart Visinsky,jacquelinegarcia787@gmail.com,(848)801-0743,"2894 Kathy Green Suite 221
Lake Johnside, SC 05719",Consumer,United States,Pueblo,Colorado,81001.0,West
NP-18685,Nora Pelletier,ashleyboyle616@gmail.com,#ERROR!,"290 Gray Junctions Suite 964
Frazierport, MH 30154",Home Office,United States,Niagara Falls,New York,14304.0,East
AG-10495,Andrew Gjertsen,margarethardy249@gmail.com,434.970.8362x0269,"2900 Sandra Villages Apt. 985
Phillipsstad, NH 19830",Corporate,United States,Houston,Texas,77041.0,Central
CP-12340,Christine Phan,matthewstokes156@gmail.com,(404)609-3966x901,"2927 Guerrero Mall Suite 959
New Christopher, KY 24314",Corporate,United States,New York City,New York,10024.0,East
GZ-14470,Gary Zandusky,keithchavez853@gmail.com,169.251.9253x976,"294 Timothy Crossing
Lake Charlotteshire, DE 43171",Consumer,United States,Bullhead City,Arizona,86442.0,West
MC-17425,Mark Cousins,lauracopeland973@gmail.com,230-208-6729x432,"29422 Christopher Stream Apt. 132
West Keith, OK 19659",Corporate,United States,Mobile,Alabama,36608.0,South
DW-13195,David Wiener,markroberts135@gmail.com,001-263-347-9818x27638,"296 Hanson Ridge
Jamestown, MN 78236",Corporate,United States,Houston,Texas,77095.0,Central
NH-18610,Nicole Hansen,maureenday425@gmail.com,759.857.2613x43557,"296 Rogers Burg Suite 234
Tannerbury, OH 37597",Corporate,United States,Columbus,Georgia,31907.0,South
DL-12865,Dan Lawera,thomasmclaughlin610@gmail.com,828.395.9794x21404,"2987 Natalie Drive
Marymouth, MD 08029",Consumer,United States,Miami,Florida,33142.0,South
JD-15790,John Dryer,sarahreynolds875@gmail.com,001-845-857-9678,"299 Smith Crest Suite 975
Williamsview, NE 20228",Consumer,United States,Coppell,Texas,75019.0,Central
PV-18985,Paul  4567Van Hugh,laurensalazar999@gmail.com,556-771-7136x0406,"299 Todd Plains Apt. 188
Joneshaven, IN 94140",Home Office,United States,League City,Texas,77573.0,Central
CS-11860,Cari Schnelling,josephbrown503@gmail.com,6948600144,"3013 Jason Loaf
North Matthew, MN 91073",Consumer,United States,New York City,New York,10011.0,East
NF-18385,Natalie Fritzler,davidwilson315@gmail.com,7388541505,"3017 Jones Streets
Johnsontown, AR 17718",Consumer,United States,Chesapeake,Virginia,23320.0,South
JG-15160,James Galang,jameskelly632@gmail.com,173-822-6957x471,"302 Alicia Rapids Apt. 269
Spencerton, OR 24079",Consumer,United States,Los Angeles,California,90049.0,West
