Customer ID,Customer Name,email,phone,address,Segment,Country,City,State,Postal Code,Region
NS-18640,Noel Staavos,barbaraflowers349@gmail.com,-7389,"8574 Ward Neck Apt. 069
New Joshua, PW 17926",Corporate,United States,Columbus,Ohio,43229.0,East
AS-10225,Alan Schoenberger,christyrodriguez571@gmail.com,001-536-620-5199x858,"859 Colin Oval
New Michael, MT 06634",Corporate,United States,Provo,Utah,84604.0,West
BB-10990,Barry Blumstein,davidfritz381@gmail.com,(463)200-2962x6777,"8627 Brian Spur Apt. 855
Gonzalezfort, KS 26516",Corporate,United States,Inglewood,California,90301.0,West
LA-16780,Laura Armstrong,johnlewis121@gmail.com,497-246-9492,"8638 Kirby Squares Apt. 619
Johnsonhaven, SD 86025",Corporate,United States,Hackensack,New Jersey,7601.0,East
AG-10330,Alex Grayson,dianehenson438@gmail.com,(844)855-9308,"86382 Baker Ports Apt. 074
Cookfurt, NM 54313",Consumer,United States,Houston,Texas,77095.0,Central
DG-13300,Deirdre Greer,donaldbarker945@gmail.com,001-813-015-9491x59744,"864 Jenkins Rue
North Candice, WI 21435",Corporate,United States,Philadelphia,Pennsylvania,19134.0,East
LE-16810,Laurel Elliston,crystalpalmer582@gmail.com,658-534-0061x0437,"86402 Rachel Common Apt. 606
Stantonside, TN 56449",Consumer,United States,Chicago,Illinois,60653.0,Central
JF-15490,Jeremy Farry,williefernandez309@gmail.com,#ERROR!,"8650 Matthew Course Apt. 599
Mitchellland, PR 19263",Consumer,United States,Tempe,Arizona,85281.0,West
NB-18580,Nicole Brennan,alvinandrade279@gmail.com,016.495.1634x0752,"868 Jose Valley
Cassandrachester, OR 69767",Corporate,United States,Bossier City,Louisiana,71111.0,South
GG-14650,Greg Guthrie,ivancallahan817@gmail.com,536-957-3654x29376,"86844 Amanda Parkways
New Michaelside, OR 69657",Corporate,United States,Chicago,Illinois,60623.0,Central
DL-12925,Daniel Lacy,nathangraham770@gmail.com,(085)497-7212,"86846 Timothy Shores Suite 490
South Rachel, SD 53603",Consumer,United States,Eagan,Minnesota,55122.0,Central
TS-21505,,caroljordan852@gmail.com,(003)662-4724,"869 Paul Station
West John, KS 93205",Consumer,United States,San Francisco,California,94122.0,West
DO-13435,Denny Ordway,philipnewton546@gmail.com,-4531,"871 Michael Loaf
New Jacob, NH 07446",Consumer,United States,Columbus,Ohio,43229.0,East
BD-11635,Brian Derr,laurahouse693@gmail.com,070-738-7069x630,"87635 Smith Falls Apt. 959
Brownton, IN 24891",Consumer,United States,New York City,New York,10009.0,East
JP-15520,Jeremy Pistek,rebeccagonzalez299@gmail.com,001-575-005-1428,"878 Michael Terrace Apt. 089
New Ryan, NY 26000",Consumer,United States,Jonesboro,Arkansas,72401.0,South
CC-12550,Clay Cheatham,shawnjohnson262@gmail.com,884.393.1749x356,"8781 Woods Avenue
Lake Ashley, MT 51612",Consumer,United States,San Francisco,California,94122.0,West
HJ-14875,Heather Jas,rebeccadiaz726@gmail.com,#ERROR!,"87852 Breanna Village Suite 356
Susanfort, FM 78632",Home Office,United States,Detroit,Michigan,48234.0,Central
JD-16150,Justin Deggeller,debrapeters111@gmail.com,646.402.5781x495,"8801 Ryan Groves Apt. 812
South Katherine, DC 63149",Corporate,United States,San Diego,California,92037.0,West
JL-15835,John Lee,dalebauer260@gmail.com,2682295843,"88121 Joseph Forge Suite 377
North James, NJ 92068",Consumer,United States,Detroit,Michigan,48205.0,Central
KC-16675,Kimberly Carter,janepineda954@gmail.com,885.392.6735,"88237 Pamela Oval Apt. 433
Julialand, SD 41505",Corporate,United States,Henderson,Kentucky,42420.0,South
RB-19570,Rob Beeghly,reginawilson110@gmail.com,001-156-471-1061x7228,"884 Wesley Divide
North Jamesshire, MO 76033",Consumer,United States,Columbus,Indiana,47201.0,Central
BP-11095,Bart Pistole,andrewlevine599@gmail.com,(524)709-6432x351,"88497 Ferrell Forest Suite 741
New Brendahaven, NM 18105",Corporate,United States,El Paso,Texas,79907.0,Central
CC-12610,Corey Catlett,nataliepage369@gmail.com,983.159.1678x04345,"88542 Matthew Stream
Kellerborough, MT 02570",Corporate,United States,Philadelphia,Pennsylvania,19134.0,East
RA-19885,Ruben Ausman,annedunn196@gmail.com,(606)808-2802x58452,"8857 Susan Landing Apt. 376
Rhondaville, AL 10899",Corporate,United States,Columbus,Georgia,31907.0,South
Co-12640,Corey-Lock,baileymercado654@gmail.com,#ERROR!,"8868 Jennifer Brooks
Lake Davidburgh, VA 18694",Consumer,United States,Skokie,Illinois,60076.0,Central
JE-15610,Jim Epp,denisethomas504@gmail.com,001-620-546-2075x026,"8878 Romero Isle
Lake Michael, OK 63133",Corporate,United States,Lakeland,Florida,33801.0,South
VF-21715,Vicky Freymann,jefferystevenson696@gmail.com,001-821-907-0607x3350,"88932 Kelly Expressway Apt. 938
Stevenmouth, AZ 86056",Home Office,United States,Los Angeles,California,90045.0,West
EP-13915,Emily Phan,tinaduarte715@gmail.com,001-421-499-6796x4251,"8896 Young Crest
Lake Carlosview, AL 61172",Consumer,United States,Los Angeles,California,90032.0,West
FG-14260,"Fra9876nk Gasti  ;.,.,neau",wendygoodman722@gmail.com,6527211727,"88990 Brown Islands
Brownport, VA 61502",Home Office,United States,New York City,New York,10009.0,East
SC-20440,Shaun Chance,toniwilson101@gmail.com,#ERROR!,"89095 Colon Divide
Sarafurt, SC 26944",Corporate,United States,Los Angeles,California,90032.0,West
BT-11440,Bobby Trafton,derrickroberts940@gmail.com,716-501-9486,"89453 Kennedy Court Suite 960
Codyville, OK 25772",Consumer,United States,New York City,New York,10035.0,East
DH-13075,Dave Hallsten,courtneylopez450@gmail.com,#ERROR!,"898 Thomas Passage Apt. 788
South Stephenside, MT 62895",Corporate,United States,Fairfield,California,94533.0,West
RS-19765,Roland Schwarz,alisonbanks333@gmail.com,317-015-0932x558,"8997 Lee Radial
West Rickyhaven, NJ 32531",Corporate,United States,Los Angeles,California,90008.0,West
ON-18715,Odella Nelson,melissaparker691@gmail.com,712.182.3946,"89982 Gregory Junction Suite 425
Jonesfurt, NE 63942",Corporate,United States,Burlington,North Carolina,27217.0,South
JL-15850,John Lucas,brendapowell395@gmail.com,(135)415-7230x3423,"9022 Stout Junction
Port Steve, VT 78576",Consumer,United States,Philadelphia,Pennsylvania,19134.0,East
DM-13345,Denise Monton,christopherrobinson595@gmail.com,315-559-0673x518,"90276 Robinson Heights Apt. 181
South Tonyafort, KY 22133",Corporate,United States,New York City,New York,10024.0,East
CC-12370,Christopher Conant,alexanderwilliams474@gmail.com,8966343506,"9030 Monroe Views Suite 657
Jamesberg, MN 17244",Consumer,United States,Fayetteville,North Carolina,28314.0,South
LD-17005,Lisa DeCherney,robertcook771@gmail.com,#ERROR!,"90311 Juan Villages
Kennethfurt, WV 23315",Consumer,United States,San Francisco,California,94122.0,West
KB-16600,Ken Brennan,raymondmiles781@gmail.com,366-749-4975x78721,"904 Benjamin Drives
East Garychester, WV 43064",Corporate,United States,New York City,New York,10009.0,East
JR-15670,Jim Radford,aprilcooper368@gmail.com,168.899.7943x988,"90690 Watson Neck
New Philip, KS 24425",Consumer,United States,Middletown,Connecticut,6457.0,East
CK-12325,Christine Kargatis,chasemcdaniel808@gmail.com,001-992-677-3882,"91029 Walker Gardens
Kristinchester, NE 97484",Home Office,United States,Troy,Ohio,45373.0,East
JM-15865,John Murray,rebeccagarcia359@gmail.com,001-466-585-6866x011,"91279 Nichols Manors
Port Ronald, ID 06383",Consumer,United States,San Angelo,Texas,76903.0,Central
SC-20695,Steve Chapman,troywilson928@gmail.com,#ERROR!,"9128 Alexandra Oval
Chapmanburgh, AK 01322",Corporate,United States,La Crosse,Wisconsin,54601.0,Central
JB-15925,Joni Blumstein,meganchristensen843@gmail.com,3656944524,"914 Dawn Key
Bobbyborough, VT 03661",Consumer,United States,Dublin,Ohio,43017.0,East
JK-15730,Joe Kamberova,shawnneal311@gmail.com,#ERROR!,"914 Dudley Camp
Irwinstad, AK 46423",Consumer,United States,Carrollton,Texas,75007.0,Central
DB-13360,Dennis Bolton,christopherdoyle900@gmail.com,8989838798,"914 Jason Wells Suite 141
East Michael, FM 32476",Home Office,United States,Lakewood,Ohio,44107.0,East
JH-15430,Jennifer Halladay,franciscoshaw504@gmail.com,#ERROR!,"9140 Andrew Ports
South Craig, RI 09857",Consumer,United States,Medford,Oregon,97504.0,West
SW-20245,Scot Wooten,maryjohnson489@gmail.com,001-514-100-7361x66136,"9155 Justin Centers
East Scottstad, RI 70797",Consumer,United States,Los Angeles,California,90036.0,West
MG-17680,Maureen Gastineau,jessicakim400@gmail.com,658.797.3596x462,"91729 Edward Center
New Jermaine, NC 61793",Home Office,United States,Mentor,Ohio,44060.0,East
AA-10315,Alex Avila,josephrice131@gmail.com,680-261-2092,"91773 Miller Shoal
Diaztown, FL 38841",Consumer,United States,Round Rock,Texas,78664.0,Central
WB-21850,William Brown,desireeholmes543@gmail.com,576.093.6933x5404,"918 Chen Road
Silvashire, MA 83295",Consumer,United States,Anaheim,California,92804.0,West
BW-11065,Barry Weirich,robertshepherd351@gmail.com,955-947-3049x90323,"9187 Rodney Valleys Suite 169
Hayesshire, VI 66707",Consumer,United States,Raleigh,North Carolina,27604.0,South
RW-19630,Rob Williams,kennethblake462@gmail.com,(910)237-6468,"9188 Jose Station
Rachelchester, AL 59310",Corporate,United States,Torrance,California,90503.0,West
DP-13000,Darren Powers,ericlevine958@gmail.com,415-088-3171x116,"921 Richard Highway
Cassandraport, FL 75204",Consumer,United States,Carrollton,Texas,75007.0,Central
HA-14905,Helen Abelman,deannasparks789@gmail.com,8550975731,"922 Hall Station
Angelaville, AL 40603",Consumer,United States,Franklin,Massachusetts,2038.0,East
TH-21100,Thea Hendricks,emilyhoward984@gmail.com,001-234-496-8998x92275,"924 Derek Divide Apt. 372
Fitzpatrickside, GA 41571",Consumer,United States,Toledo,Ohio,43615.0,East
MG-17890,Michael Granlund,michaelmclean725@gmail.com,001-241-226-2054x11620,"9275 Stephanie Place
North Matthewview, MA 28205",Home Office,United States,Santa Barbara,California,93101.0,West
SC-20575,Sonia Cooley,carlosevans519@gmail.com,713-469-0065x7501,"92891 Watts Key
West Judyview, SC 61203",Consumer,United States,Cranston,Rhode Island,2920.0,East
ND-18460,Neil Ducich,erinhays121@gmail.com,001-881-710-3147x84076,"929 Kristy Mill
Normanton, OH 20034",Corporate,United States,Chesapeake,Virginia,23320.0,South
AH-10120,Adrian Hane,michaelmann973@gmail.com,881.909.7778,"93144 Martinez Turnpike
East Maryhaven, MD 06798",Home Office,United States,San Francisco,California,94110.0,West
DD-13570,Dorothy Dickinson,marywilliams911@gmail.com,938-784-3949x340,"932 Newman Island
Butlerburgh, CO 77012",Consumer,United States,Houston,Texas,77041.0,Central
KW-16435,Kat rina Willman,wendyscott925@gmail.com,#ERROR!,"93329 Eaton Ferry Suite 868
Thompsonborough, CT 93965",Consumer,United States,Florence,Kentucky,41042.0,South
ES-14020,Erica Smith,oliviawilliamson172@gmail.com,#ERROR!,"9343 Campbell Island
North Kathryn, NM 51405",Consumer,United States,Houston,Texas,77036.0,Central
ZD-21925,Zuschuss Donatelli,joshuagay234@gmail.com,(496)364-3896,"9351 Adam Center Suite 897
Patriciaburgh, VA 31700",Consumer,United States,Chattanooga,Tennessee,37421.0,South
SC-20725,Steven Cartwright,barbarasmith101@gmail.com,(228)791-9013,"936 Blair Cape
Carneyhaven, ND 44616",Consumer,United States,Redlands,California,92374.0,West
CM-12160,Charles McCrossin,zacharywilliams820@gmail.com,4609487556,"9402 Davis Courts Apt. 680
Lake Ashley, KS 09338",Consumer,United States,New Bedford,Massachusetts,2740.0,East
MO-17800,Meg O'Connel,brandonbanks734@gmail.com,001-101-812-2669x0528,"94093 Jim Pine Apt. 445
North Catherineville, PA 18356",Home Office,United States,New York City,New York,10024.0,East
MS-17365,Maribeth 5chnelling,sherifernandez687@gmail.com,(435)294-3484x9026,"941 Richard Circles
East Emily, NC 29698",Consumer,United States,Phoenix,Arizona,85023.0,West
KH-16330,=--Katharine Harms,emmaflores164@gmail.com,001-308-248-1366x1012,"9424 Benjamin Crescent Suite 159
Kelleyview, LA 25761",Corporate,United States,New York City,New York,10024.0,East
CM-11815,Candace McMahon,jamiejohnson278@gmail.com,(326)793-1855,"9441 Mark Fork Apt. 552
East Levi, OR 94739",Corporate,United States,Seattle,Washington,98115.0,West
FH-14350,Fred Harton,janetrivera296@gmail.com,#ERROR!,"9443 Gilbert Circles
West Williamchester, AL 95200",Consumer,United States,Seattle,Washington,98105.0,West
MA-17995,Michelle Arnett,jasonsmith377@gmail.com,923.018.7858,"94479 Paul Inlet
Lake Billy, NY 19584",Home Office,United States,Las Cruces,New Mexico,88001.0,West
EH-14005,Erica Hernandez,kristinegreen138@gmail.com,100-841-4429,"94588 James Inlet
New Michaelburgh, KS 54014",Home Office,United States,San Francisco,California,94109.0,West
SJ-20125,Sanjit Jacobs,samueljackson708@gmail.com,456-045-7429x8264,"947 Michael View Suite 591
Ellisberg, WI 73338",Home Office,United States,Houston,Texas,77036.0,Central
RB-19360,Raymond Buch,trevorball638@gmail.com,291.534.3238,"948 Graves Views Suite 906
North Lisaberg, RI 96106",Consumer,United States,Auburn,New York,13021.0,East
SA-20830,Sue Ann Reed,bryantorres217@gmail.com,(611)404-1785,"94922 Kelly Groves Apt. 631
New Lindseyborough, GU 31693",Consumer,United States,San Jose,California,95123.0,West
MG-17650,Matthew Grinstein,anthonypark513@gmail.com,(358)833-9948x694,"9497 Heather Lock
East Kathleen, MD 91153",Home Office,United States,Jackson,Michigan,49201.0,Central
CK-12595,Clytie Kelty,sherryparsons565@gmail.com,062-359-3746x629,"95024 Ford Key
Daybury, AR 42952",Consumer,United States,Philadelphia,Pennsylvania,19134.0,East
PG-18820,Patrick Gardner,johnfrazier461@gmail.com,955.201.1358x2911,"95166 Cox Knoll
North Josephton, MI 70035",Consumer,United States,Louisville,Kentucky,40214.0,South
PW-19030,Pauline Webber,jenniferanderson420@gmail.com,#ERROR!,"9537 Henderson Stream
West Benjaminville, IA 72039",Corporate,United States,New York City,New York,10009.0,East
PO-18865,Patrick O'Donnell,clairewilson500@gmail.com,(246)687-3063x6251,"95662 Marilyn Hollow Suite 198
Ryanport, NE 19557",Consumer,United States,Westland,Michigan,48185.0,Central
EB-13705,Ed Braxton,johnmiller962@gmail.com,(651)035-6912,"95729 Rachael Trail Suite 486
Peterside, RI 27354",Corporate,United States,San Francisco,California,94122.0,West
SU-20665,Stephanie Ulpright,geraldgreen789@gmail.com,495.293.3933x629,"9590 Rivera Rapid
Boyleshire, GA 06888",Home Office,United States,Greenville,North Carolina,27834.0,South
LW-17215,Luke Weiss,dustinlin142@gmail.com,596.765.4111x181,"960 Harding Crest
East Gina, KY 22744",Consumer,United States,Rochester,New York,14609.0,East
LH-16900,Lena Hernandez,derrickberry128@gmail.com,477-821-1370x8449,"962 Patrick Avenue Apt. 503
South Andreaborough, AL 88407",Consumer,United States,Columbus,Georgia,31907.0,South
KF-16285,Karen Ferguson,markjones766@gmail.com,(835)101-1334x30648,"96248 Paul Knoll Apt. 133
Cooperfurt, NM 93360",Home Office,United States,Indianapolis,Indiana,46203.0,Central
BT-11395,Bi1l Tyler,maureenbryant185@gmail.com,001-099-324-8977x1885,"966 Jackson Islands Apt. 787
Lake Victoria, WV 78909",Corporate,United States,Detroit,Michigan,48227.0,Central
CC-12685,Craig Carroll,brianbowman229@gmail.com,001-218-888-7118x55528,"969 Douglas Highway
Bowmantown, TX 16637",Consumer,United States,Greensboro,North Carolina,27405.0,South
JC-15340,Jasper Cacioppo,williamhughes175@gmail.com,807.724.4101,"9696 Gary Road Suite 700
North Amandaview, MO 81030",Consumer,United States,New York City,New York,10024.0,East
KC-16255,Karen Carlisle,ericbender189@gmail.com,347.425.0630x626,"970 Brown Mill Suite 198
East Raymond, ID 33619",Corporate,United States,San Francisco,California,94110.0,West
CK-12205,Chloris Kastensmidt,andresbecker461@gmail.com,894-735-0953x94276,"9736 Smith Creek Suite 313
West Timothyville, FM 71441",Consumer,United States,Philadelphia,Pennsylvania,19120.0,East
MR-17545,Mathew Reese,eugeneburke277@gmail.com,804-270-3248x038,"9751 Christine Loaf
Lake Danieltown, KY 57420",Home Office,United States,New York City,New York,10024.0,East
BD-11320,Bi1l Donatelli,reginawong744@gmail.com,275.921.9629,"97722 Carter Lodge
West Mirandaburgh, WV 83151",Consumer,United States,Tulsa,Oklahoma,74133.0,Central
JC-15385,Jenna Caffey,amberfox522@gmail.com,632-219-6194,"981 Morgan Lake Suite 757
Jerryfort, WI 38604",Consumer,United States,Kent,Washington,98031.0,West
PC-18745,Pamela Coakley,josephpetersen634@gmail.com,1770752104,"982 Flores River
West Roberto, TN 44859",Corporate,United States,San Francisco,California,94122.0,West
TT-21220,Thomas Thornton,chrisgordon660@gmail.com,868.620.3989,"9820 Harrison Fields Suite 851
Brownfort, MN 56890",Consumer,United States,Houston,Texas,77041.0,Central
HA-14920,Helen Andreada,kevinmiller155@gmail.com,459.765.8716x2546,"9821 Stacy Fall Apt. 093
Lindsayshire, TN 69576",Consumer,United States,Laredo,Texas,78041.0,Central
AC-10615,Ann Chong,nicolelara473@gmail.com,160-139-7065,"9822 Lisa Courts
Johnhaven, IL 80438",Corporate,United States,New York City,New York,10009.0,East
PJ-18835,Patrick Jones,jessicasmith416@gmail.com,#ERROR!,"9837 Cook Points
Sherristad, AR 57737",Corporate,United States,Springfield,Virginia,22153.0,South
JW-16075,Julia West,lisaallen308@gmail.com,(337)700-1131x92403,"98719 Holly Key Suite 320
New Dustinmouth, MT 46342",Consumer,United States,Jacksonville,North Carolina,28540.0,South
RA-19915,Russell Applegate,lancegray467@gmail.com,658-600-2274x1530,"98764 Huerta Cape Suite 472
West Lisachester, AK 49131",Consumer,United States,Columbus,Indiana,47201.0,Central
DK-12835,Damala Kotsonis,aliciathompson284@gmail.com,001-944-501-1917x1148,"989 Robert Via
Smithberg, PA 77512",Corporate,United States,Springfield,Oregon,97477.0,West
AJ-10780,Anthony Jacobs,connoradams384@gmail.com,033-405-6732x22212,"997 Jessica Locks
Josephshire, NC 76033",Corporate,United States,Baltimore,Maryland,21215.0,East
AY-10555,Andy Yotov,sarahgreer408@gmail.com,-7984,"998 Burns Divide
Carterhaven, VI 92800",Corporate,United States,Oceanside,California,92054.0,West
RB-19465,Rick Bensley,richardarnold774@gmail.com,#ERROR!,"PSC 0632, Box 0039
APO AE 48020",Home Office,United States,Tulsa,Oklahoma,74133.0,Central
VG-21790,Vivek Gonzalez,katherinephillips422@gmail.com,806-464-9090x526,"PSC 0635, Box 3583
APO AE 28496",Consumer,United States,San Diego,California,92037.0,West
JA-15970,Joseph Airdo,brucemcknight466@gmail.com,753-449-1076x83901,"PSC 1018, Box 1845
APO AP 86086",Consumer,United States,Detroit,Michigan,48227.0,Central
PS-19045,Penelope Sewall,joshuagreene785@gmail.com,952-798-8233x842,"PSC 2538, Box 8862
APO AE 59626",Home Office,United States,Sterling Heights,Michigan,48310.0,Central
SJ-20500,Shirley Jackson,jacobwest511@gmail.com,430.646.4471,"PSC 2956, Box 1548
APO AP 25903",Consumer,United States,Fairfield,Connecticut,6824.0,East
PF-19225,Phillip Flathmann,jessicacox848@gmail.com,-3426,"PSC 3028, Box 8198
APO AE 75638",Consumer,United States,Los Angeles,California,90032.0,West
PP-18955,Paul Prost,johnwhite122@gmail.com,(908)406-6440,"PSC 3050, Box 9020
APO AA 81622",Home Office,United States,New York City,New York,10009.0,East
MD-17350,Maribeth Dona,markdeleon296@gmail.com,568-045-6174x669,"PSC 3100, Box 3005
APO AE 76480",Consumer,United States,Philadelphia,Pennsylvania,19143.0,East
BV-11245,Benjamin Venier,stevenblack291@gmail.com,(011)623-6091x81778,"PSC 3185, Box 4766
APO AP 13991",Corporate,United States,Des Moines,Iowa,50315.0,Central
LR-16915,Lena Radford,michaelgonzales783@gmail.com,001-924-321-8749x332,"PSC 3345, Box 6763
APO AP 70961",Consumer,United States,Los Angeles,California,90045.0,West
AH-10465,Amy Hunt,ericaowens827@gmail.com,9679991464,"PSC 3509, Box 5359
APO AP 47664",Consumer,United States,New York City,New York,10035.0,East
PN-18775,Parhena Norris,richardlopez366@gmail.com,-10556,"PSC 3795, Box 6632
APO AE 62637",Home Office,United States,Clarksville,Tennessee,37042.0,South
BM-11785,Bryan Mills,krystalcarroll951@gmail.com,232-615-4804x2640,"PSC 3921, Box 4313
APO AP 10337",Consumer,United States,Columbus,Ohio,43229.0,East
DC-13285,Debra Catini,bethanyanderson383@gmail.com,001-100-098-9542x10729,"PSC 4168, Box 6214
APO AE 77833",Consumer,United States,Richmond,Virginia,23223.0,South
EM-14140,Eugene Moren,kaylamitchell165@gmail.com,001-972-849-3682x5595,"PSC 4278, Box 6545
APO AP 77916",Home Office,United States,Superior,Wisconsin,54880.0,Central
CS-12460,Chuck Sachs,brendalewis614@gmail.com,090-693-1018x1090,"PSC 5391, Box 3026
APO AP 80877",Consumer,United States,New York City,New York,10009.0,East
CH-12070,Cathy Hwang,michaelcase653@gmail.com,001-894-755-0729x768,"PSC 5637, Box 5890
APO AA 46161",Home Office,United States,Philadelphia,Pennsylvania,19143.0,East
JS-15595,Ji11 Stevenson,justinharris611@gmail.com,(955)704-1536,"PSC 6036, Box 6791
APO AE 53235",Corporate,United States,Columbus,Ohio,43229.0,East
TC-21535,Tracy Collins,destinybennett120@gmail.com,475-270-2487x2571,"PSC 6251, Box 4391
APO AE 03628",Home Office,United States,New York City,New York,10024.0,East
CS-12490,Cindy Schnelling,adrianwest790@gmail.com,026.722.1275,"PSC 6310, Box 3599
APO AP 56395",Corporate,United States,Conroe,Texas,77301.0,Central
CM-12445,Chuck Magee,nicolebennett504@gmail.com,(413)923-8786,"PSC 6988, Box 5001
APO AE 16379",Consumer,United States,San Francisco,California,94122.0,West
CC-12100,Chad Cunningham,amberbanks989@gmail.com,968-274-1437,"PSC 7193, Box 9854
APO AP 44618",Home Office,United States,Detroit,Michigan,48234.0,Central
SP-20545,Sibella Parks,reginamorales559@gmail.com,001-651-823-2042x35948,"PSC 7203, Box 6332
APO AP 20071",Corporate,United States,New York City,New York,10024.0,East
AB-10255,Alejandro Ballentine,darrelldillon573@gmail.com,(156)423-0600x52870,"PSC 7267, Box 9911
APO AE 49343",Home Office,United States,Jackson,Mississippi,39212.0,South
NP-18700,Nora Preis,victorjimenez228@gmail.com,329-775-8154,"PSC 7448, Box 8483
APO AP 37530",Consumer,United States,Chicago,Illinois,60623.0,Central
JO-15280,Jas O'Carroll,juanschwartz916@gmail.com,#ERROR!,"PSC 8031, Box 1237
APO AP 45557",Consumer,United States,Philadelphia,Pennsylvania,19120.0,East
SF-20965,Sylvia Foulston,denisedavis324@gmail.com,(556)920-4149x852,"PSC 8489, Box 3648
APO AA 75084",Corporate,United States,Bedford,Texas,76021.0,Central
MC-17845,Michael Chen,leeacosta708@gmail.com,225-633-9303x50644,"PSC 9009, Box 8935
APO AE 89339",Consumer,United States,Los Angeles,California,90008.0,West
AH-10210,Alan Hwang,tiffanycarter997@gmail.com,-2152,"PSC 9395, Box 0886
APO AE 29897",Consumer,United States,Anaheim,California,92804.0,West
BF-10975,Barbara Fisher,jillianmassey506@gmail.com,(897)355-8937x040,"PSC 9428, Box 6762
APO AA 54022",Corporate,United States,Charlotte,North Carolina,28205.0,South
VP-21760,Victoria Pisteka,williamfarmer196@gmail.com,001-018-482-0709x2917,"PSC 9475, Box 8694
APO AA 43608",Corporate,United States,San Francisco,California,94109.0,West
SC-20770,Stewart Carmichael,angelaramirez810@gmail.com,001-583-518-4186x6923,"Unit 0155 Box 6059
DPO AP 86642",Corporate,United States,Decatur,Alabama,35601.0,South
DB-13060,Dave Brooks,josephmiller797@gmail.com,(900)277-8192,"Unit 0367 Box 9057
DPO AP 31858",Consumer,United States,Costa Mesa,California,92627.0,West
HF-14995,Herbert Flentye,baileyjohnson588@gmail.com,191-537-4235x94004,"Unit 0863 Box 5828
DPO AA 73783",Consumer,United States,San Francisco,California,94109.0,West
DV-13045,Darrin Van Huff,edwardbray855@gmail.com,(289)395-4816x83564,"Unit 1424 Box 9536
DPO AE 40851",Corporate,United States,Jacksonville,Florida,32216.0,South
JL-15235,Janet Lee,stephaniestone579@gmail.com,7680590703,"Unit 1571 Box 1071
DPO AP 91817",Consumer,United States,Newark,Delaware,19711.0,East
SV-20935,Susan Vittorini,amygreen529@gmail.com,457-191-3357x888,"Unit 2125 Box 4894
DPO AE 34954",Consumer,United States,Dallas,Texas,75217.0,Central
DP-13165,David Philippe,samanthasmith654@gmail.com,047-975-4175x129,"Unit 2253 Box 6006
DPO AA 00588",Consumer,United States,New York City,New York,10035.0,East
CD-12790,Cynthia Delaney,marybishop477@gmail.com,1128592480,"Unit 2545 Box 4085
DPO AA 82706",Home Office,United States,Shelton,Connecticut,6484.0,East
TS-21160,Theresa Swint,veronicaperez342@gmail.com,-6209,"Unit 2692 Box 4243
DPO AA 42494",Corporate,United States,West Allis,Wisconsin,53214.0,Central
AR-10825,Anthony Rawles,johnhuber951@gmail.com,705-854-2863x2616,"Unit 3189 Box 8193
DPO AA 08720",Corporate,United States,Columbus,Ohio,43229.0,East
IL-15100,Ivan Liston,joselee426@gmail.com,036-425-0165x9740,"Unit 3268 Box 5010
DPO AE 63704",Consumer,United States,Houston,Texas,77041.0,Central
EM-14065,6789Erin  Mull,teresamitchell702@gmail.com,(288)366-9088,"Unit 3284 Box 9351
DPO AP 58309",Consumer,United States,New York City,New York,10024.0,East
GH-14425,Gary Hwang,christophermurphy582@gmail.com,103.260.5114x5527,"Unit 3601 Box 3490
DPO AE 53467",Consumer,United States,Modesto,California,95351.0,West
FP-14320,Frank Preis,terrynielsen236@gmail.com,(241)314-0320,"Unit 3758 Box 5164
DPO AA 02730",Consumer,United States,Huntsville,Texas,77340.0,Central
NR-18550,Nick Radford,jonathanwright175@gmail.com,529-936-9425x533,"Unit 3930 Box 9273
DPO AE 73111",Consumer,United States,Pembroke Pines,Florida,33024.0,South
TG-21640,Trudy Glocke,michaeldecker163@gmail.com,290043887,"Unit 5435 Box 4211
DPO AP 34647",Consumer,United States,Pocatello,Idaho,83201.0,West
EB-13975,Erica Bern,anthonysmith680@gmail.com,(058)024-9081x5422,"Unit 5505 Box 5131
DPO AA 70741",Corporate,United States,Fairfield,California,94533.0,West
FM-14215,Filia McAdams,gracecooper620@gmail.com,(198)292-3664,"Unit 5810 Box 7469
DPO AE 27539",Corporate,United States,Richmond,Kentucky,40475.0,South
CS-12130,Chad Sievert,taradavis390@gmail.com,533.697.3216x64816,"Unit 5834 Box 4505
DPO AA 10482",Consumer,United States,Los Angeles,California,90004.0,West
CA-12310,Christine Abelman,rachellarson869@gmail.com,1326457737,"Unit 5924 Box 8258
DPO AP 05066",Corporate,United States,Anaheim,California,92804.0,West
DB-13210,654Dean Braden,yeseniawhite290@gmail.com,#ERROR!,"Unit 6264 Box 9177
DPO AP 48030",Consumer,United States,Jacksonville,North Carolina,28540.0,South
DM-13015,Darrin Martin,michaelphelps198@gmail.com,(812)292-5727x2695,"Unit 6446 Box 1372
DPO AE 74670",Consumer,United States,New York City,New York,10009.0,East
BF-11275,Beth Fritzler,michelemaxwell399@gmail.com,8543899544,"Unit 6738 Box 4421
DPO AA 83594",Corporate,United States,Miami,Florida,33178.0,South
JF-15355,Jay Fein,michaelrodriguez529@gmail.com,(011)556-8642x384,"Unit 7030 Box 2191
DPO AE 18108",Consumer,United States,San Diego,California,92105.0,West
SD-20485,&^*(5678Shirley Daniels,robertporter408@gmail.com,670-854-4556x693,"Unit 7364 Box 1205
DPO AA 51336",Home Office,United States,Midland,Michigan,48640.0,Central
JK-16120,Julie Kriz,jamessalazar971@gmail.com,001-456-501-0791x7964,"Unit 7812 Box 9159
DPO AA 33815",Home Office,United States,Austin,Texas,78745.0,Central
RD-19480,Rick Duston,sandrarogers926@gmail.com,(213)182-0679x799,"Unit 7842 Box 0303
DPO AP 64574",Consumer,United States,Richmond,Indiana,47374.0,Central
SC-20380,Shahi  Collister,justincoleman483@gmail.com,001-293-836-4983,"Unit 8279 Box 0438
DPO AA 56492",Consumer,United States,Pembroke Pines,Florida,33024.0,South
SO-20335,Sean O'Donnell,robertsilva465@gmail.com,#ERROR!,"Unit 8388 Box 5818
DPO AA 51403",Consumer,United States,Columbia,Tennessee,38401.0,South
DM-13525,Don Miller,aaronmckee125@gmail.com,507.473.0724x7605,"Unit 8424 Box 2407
DPO AE 55128",Corporate,United States,Houston,Texas,77070.0,Central
BP-11050,Barry Pond,ryanrojas819@gmail.com,001-064-950-2432x770,"Unit 8903 Box 0540
DPO AP 81820",Corporate,United States,Los Angeles,California,90008.0,West
ML-17755,Max Ludwig,gregoryhull946@gmail.com,(420)098-4066x1282,"Unit 9051 Box 8992
DPO AA 02858",Home Office,United States,Suffolk,Virginia,23434.0,South
AC-10450,Amy Cox,omarmartin769@gmail.com,199081228,"Unit 9103 Box 4771
DPO AA 16592",Consumer,United States,New York City,New York,10011.0,East
AO-10810,Anthony O'Donnell,kimshaw310@gmail.com,#ERROR!,"Unit 9987 Box 4002
DPO AA 15069",Corporate,United States,Los Angeles,California,90045.0,West
RD-19900,Ruben Dartt,benjaminbeck991@gmail.com,#ERROR!,"USCGC Brewer
FPO AE 11377",Consumer,United States,San Francisco,California,94109.0,West
AR-10345,Alex Russell,anthonychavez937@gmail.com,545.116.5622,"USCGC Cervantes
FPO AP 51042",Corporate,United States,Houston,Texas,77070.0,Central
KH-16690,Kristen Hastings,joshuaedwards551@gmail.com,062-288-0259x8213,"USCGC Jackson
FPO AE 07349",Corporate,United States,Springfield,Oregon,97477.0,West
CB-12025,Cassandra Brandow,aimeejacobs870@gmail.com,(248)934-4344,"USCGC Johnson
FPO AE 24361",Consumer,United States,East Orange,New Jersey,7017.0,East
TS-21205,Thomas Seio,ryangarza609@gmail.com,7258076391,"USCGC Johnson
FPO AP 94937",Corporate,United States,Hackensack,New Jersey,7601.0,East
RW-19540,Rick Wi 4567@#$lson,alisonfox262@gmail.com,001-703-212-6824x15702,"USCGC Leon
FPO AA 57148",Corporate,United States,Detroit,Michigan,48234.0,Central
JB-15400,Jennifer Braxton,michaeljarvis923@gmail.com,001-547-119-1252x0236,"USCGC Norman
FPO AA 90479",Corporate,United States,Chicago,Illinois,60623.0,Central
CC-12670,Craig Carreira,zacharyfowler352@gmail.com,804-337-1371x8441,"USCGC Robinson
FPO AE 20798",Consumer,United States,Tampa,Florida,33614.0,South
LH-17020,Lisa Hazard,kellybrown467@gmail.com,1385738589,"USCGC Young
FPO AA 86093",Consumer,United States,Columbus,Ohio,43229.0,East
CY-12745,Craig Yedwab,rachaelgilbert868@gmail.com,269.815.9003x034,"USNS Burton
FPO AP 12772",Corporate,United States,Gilbert,Arizona,85234.0,West
PO-19195,Phillina Ober,paulastone588@gmail.com,7912150672,"USNS Hensley
FPO AP 13010",Home Office,United States,Naperville,Illinois,60540.0,Central
BD-11605,Brian Dahlen,michelleedwards750@gmail.com,9218765672,"USNS Kelley
FPO AA 54670",Consumer,United States,Springfield,Virginia,22153.0,South
SF-20065,Sandra Flanagan,johnlee217@gmail.com,5633840676,"USNS Kim
FPO AA 88159",Consumer,United States,Everett,Massachusetts,2149.0,East
AA-10645,Anna Andreadi,ericcarter176@gmail.com,(451)259-5402,"USNS Knight
FPO AA 76532",Consumer,United States,Chester,Pennsylvania,19013.0,East
GT-14710,Greg Tran,kylevincent794@gmail.com,769-776-4959x968,"USNS Molina
FPO AA 29380",Consumer,United States,Buffalo,New York,14215.0,East
PK-18910,Paul Knut_son,teresagallagher910@gmail.com,001-959-479-1908x9005,"USNS Williams
FPO AP 94395",Home Office,United States,Philadelphia,Pennsylvania,19143.0,East
JL-15175,James Lanier,johnbrown306@gmail.com,869.083.7518x8458,"USNV Allison
FPO AP 40129",Home Office,United States,Chattanooga,Tennessee,37421.0,South
BD-11770,Bryan Davis,allenwright784@gmail.com,938-528-3614x48664,"USNV Gonzalez
FPO AE 23095",Consumer,United States,Philadelphia,Pennsylvania,19143.0,East
PB-18805,_12312Patrick Bzostek,albertruiz197@gmail.com,333.244.0240x1037,"USNV Richard
FPO AP 51576",Home Office,United States,Salt Lake City,Utah,84106.0,West
AH-10690,Anna Häberlin,brianpalmer348@gmail.com,113.407.9112x92842,"USNV Smith
FPO AP 16161",Corporate,United States,Plantation,Florida,33317.0,South
AJ-10945,Ashley Jarboe,ruthsmith682@gmail.com,001-762-060-1456x03151,"USNV Woods
FPO AA 79528",Consumer,United States,Taylor,Michigan,48180.0,Central
JS-15685,Jim Sink,rebeccarogers893@gmail.com,775-822-3387,"USNV Wyatt
FPO AA 01044",Corporate,United States,Miramar,Florida,33023.0,South
EM-13960,Eric Murdock,aprillyons379@gmail.com,933-597-5408x6332,"USS Buck
FPO AP 96694",Consumer,United States,Portland,Oregon,97206.0,West
CL-12565,Clay Ludtke,janetvaldez845@gmail.com,(101)628-9447,"USS Clark
FPO AP 07894",Consumer,United States,Cleveland,Ohio,44105.0,East
EN-13780,Edward Nazzal,katelynsmith870@gmail.com,#ERROR!,"USS Dominguez
FPO AP 03579",Consumer,United States,New York City,New York,10009.0,East
TR-21325,Toby Ritter,erikkeller624@gmail.com,(122)128-6698x81448,"USS Farrell
FPO AE 97825",Consumer,United States,Belleville,New Jersey,7109.0,East
MM-18280,Muhammed MacIntyre,nicholeochoa482@gmail.com,9822091432,"USS Jones
FPO AE 65170",Corporate,United States,New York City,New York,10035.0,East
CC-12145,"\":[]|}-=Charles Crestani",caseytodd323@gmail.com,#ERROR!,"USS Kemp
FPO AE 62759",Consumer,United States,San Diego,California,92105.0,West
NS-18505,Neola Schneider,kristinaholland483@gmail.com,675-158-4664,"USS Robinson
FPO AE 41377",Consumer,United States,San Jose,California,95123.0,West
LC-17140,Logan Currie,taylormarshall954@gmail.com,180.379.6698x7640,"USS Williams
FPO AA 02547",Consumer,United States,Philadelphia,Pennsylvania,19140.0,East
