Customer ID,Customer Name,email,phone,address,Segment,Country,City,State,Postal Code,Region
NC-18535,Nick Crebassa,rebeccamurphy656@gmail.com,#ERROR!,"3071 Mitchell Isle
Wolfberg, MA 17611",Corporate,United States,Hampton,Virginia,23666.0,South
JK-15640,Jim Kriz,kimberlymartin280@gmail.com,3713293549,"30748 Sullivan Isle
Cantrellmouth, AZ 18920",Home Office,United States,San Bernardino,California,92404.0,West
BS-11365,Bi 8761l Shonely,moniquewright318@gmail.com,644-856-0824x5310,"31084 Clark Stream
Lake Joshua, OK 58898",Corporate,United States,New York City,New York,10011.0,East
TS-21610,Troy Staebel,catherinejordan792@gmail.com,919-264-2211x2915,"3114 Tina Place Apt. 482
Paulchester, CO 68975",Consumer,United States,San Francisco,California,94122.0,West
BT-11530,Bradley Talbott,amyharris260@gmail.com,001-107-220-0637,"313 Isaiah Unions Apt. 064
New Brianbury, AR 63079",Home Office,United States,Cleveland,Ohio,44105.0,East
Dl-13600,Dorris liebe,meganmorris562@gmail.com,001-784-020-2849x9856,"315 Thompson Fork
Lisaland, RI 73533",Corporate,United States,Seattle,Washington,98105.0,West
RF-19345,Randy Ferguson,caseygrimes136@gmail.com,001-111-244-1007x03600,"31789 James Branch
Lake Omartown, MH 94419",Corporate,United States,New York City,New York,10024.0,East
CM-11935,Carlos Meador,jessicamarshall263@gmail.com,921.537.2917x8437,"31825 Beck Spring Suite 630
Courtneyfurt, WA 65448",Consumer,United States,Fayetteville,North Carolina,28314.0,South
RB-19795,Ross Baird,amycarter163@gmail.com,291.573.3089x76650,"321 Richard Run Apt. 616
Janemouth, AR 73988",Home Office,United States,Gastonia,North Carolina,28052.0,South
CJ-12010,Caroline Jumper,christophermcdonald139@gmail.com,419.620.5803,"32114 Juarez Mill Apt. 030
Watsonville, WV 40171",Consumer,United States,New York City,New York,10009.0,East
ND-18370,Natalie DeCherney,theresamills300@gmail.com,(639)324-3804x1879,"3271 Taylor Loaf
Meganburgh, PR 03976",Consumer,United States,New York City,New York,10035.0,East
CM-12715,Craig M 876olinari,sandramcmahon670@gmail.com,015-723-6236x8899,"3275 Pitts Ways Apt. 980
North Kennethmouth, KS 89901",Corporate,United States,Huntsville,Texas,77340.0,Central
VM-21835,Vivian Mathis,amyhebert345@gmail.com,523.905.4321x842,"3314 Scott Garden
South Matthewport, WI 67272",Consumer,United States,Boca Raton,Florida,33433.0,South
ER-13855,Elpida Rittenbach,matthewhansen734@gmail.com,617-394-3215x975,"3323 Michael Shoal Suite 641
West Aaron, KY 60136",Corporate,United States,Saint Paul,Minnesota,55106.0,Central
SS-20875,Sung Shariari,stephenwalker680@gmail.com,490.278.1517x7149,"3326 Cody Canyon
North Christinebury, MT 35732",Consumer,United States,Dallas,Texas,75220.0,Central
RR-19525,Rick Reed,paulalee488@gmail.com,000-843-1998x8615,"3328 Nathan Loop Apt. 289
West Maureen, AZ 15656",Corporate,United States,New York City,New York,10035.0,East
HP-14815,Harold Pawlan,andrewfleming450@gmail.com,001-143-692-2582x2942,"33424 Mcdonald Landing Suite 788
Kennethbury, ID 47102",Home Office,United States,New York City,New York,10024.0,East
LB-16795,Laurel Beltran,kevinsellers765@gmail.com,770-493-4211,"3351 Jack Spurs
Brianberg, PW 50557",Home Office,United States,Pueblo,Colorado,81001.0,West
HK-14890,Heather Kirkland,lindseysharp524@gmail.com,658-095-9684x1334,"3364 Colleen Points Suite 046
Millerport, VI 07467",Corporate,United States,Boise,Idaho,83704.0,West
MJ-17740,Max Jones,jasonkennedy439@gmail.com,855.148.8118x56963,"339 White Path Suite 689
South Amandamouth, MT 55758",Consumer,United States,Detroit,Michigan,48227.0,Central
CL-11890,Carl Ludwig,jillkane542@gmail.com,289-220-3649x35220,"3401 Stanley Inlet
Townsendfurt, NE 31065",Consumer,United States,Philadelphia,Pennsylvania,19143.0,East
MM-17920,Michael Moore,ashleydodson795@gmail.com,990.281.3613x989,"34088 Tate Lane Apt. 908
West David, WI 77557",Consumer,United States,Springfield,Virginia,22153.0,South
HR-14830,Harold Ryan,sallyboyle778@gmail.com,(771)359-2587,"343 Allen Plaza
North Mary, MT 90090",Corporate,United States,Miami,Florida,33178.0,South
JD-15895,Jonathan Doherty,johnpittman223@gmail.com,532-738-9829,"34312 Brad Springs Suite 737
Rebeccafort, OH 56353",Corporate,United States,New York City,New York,10024.0,East
MC-17605,Matt Connell,andrewjones350@gmail.com,020.954.5398,"346 Chavez Branch Suite 447
Davidshire, AZ 75743",Corporate,United States,Chicago,Illinois,60610.0,Central
DB-13405,Denny Blanton,taylorreed229@gmail.com,(305)854-6025x0943,"350 Baker Burg
New Rebeccaland, MS 03888",Consumer,United States,New York City,New York,10011.0,East
MG-18205,Mitch Gastineau,timothybrown471@gmail.com,#ERROR!,"351 Samantha Trail
Jenniferbury, NM 42178",Corporate,United States,Jacksonville,Florida,32216.0,South
BF-11215,Benjamin Farhat,johnbennett349@gmail.com,#ERROR!,"352 Kramer Pine
Alexisville, LA 73816",Home Office,United States,Minneapolis,Minnesota,55407.0,Central
AG-10525,Andy Gerbode,arthurhayes881@gmail.com,883.635.3065x5605,"353 Elizabeth Forest
Deannachester, NM 66952",Corporate,United States,New York City,New York,10011.0,East
LF-17185,Luke Foster,anthonyking525@gmail.com,#ERROR!,"35504 Kenneth Turnpike
Lake William, HI 63512",Consumer,United States,Houston,Texas,77095.0,Central
MK-18160,Mike Kennedy,sethowens207@gmail.com,001-038-343-1832x5531,"356 Dana Lock
Kevinberg, PW 79279",Consumer,United States,Jacksonville,Florida,32216.0,South
JD-16015,Joy Daniels,joshuajones885@gmail.com,(060)297-8111,"3563 Michael Locks Apt. 025
East Brian, OH 45520",Consumer,United States,Chicago,Illinois,60610.0,Central
EM-14200,Evan Minnotte,alanrodriguez981@gmail.com,(243)414-8070x597,"35685 Patrick Road Apt. 014
North Brenda, PW 02471",Home Office,United States,Dallas,Texas,75217.0,Central
FH-14275,Frank Hawley,tylermills603@gmail.com,#ERROR!,"359 Rodriguez Ridge
Taramouth, GA 17443",Corporate,United States,Houston,Texas,77041.0,Central
CR-12625,Corey Roper,kennethrubio544@gmail.com,#ERROR!,"3597 Carter Heights
Victorstad, RI 07301",Home Office,United States,Lakewood,New Jersey,8701.0,East
NL-18310,Nancy Lomonaco,christophercooper169@gmail.com,124.246.1263,"35999 Parker Creek Apt. 212
Mcfarlandfort, IL 21363",Home Office,United States,Danville,California,94526.0,West
KM-16375,Katherine Murray,amandaberg591@gmail.com,638.043.5194x3188,"36015 Susan Tunnel
Dominguezfurt, NC 47311",Home Office,United States,Gilbert,Arizona,85234.0,West
TB-21175,Tho   12 =-.mas Boland,davekelly379@gmail.com,428-813-9259x5885,"3611 Carter Rapid
East Davidborough, DC 90972",Corporate,United States,New York City,New York,10035.0,East
NF-18475,Neil Französisch,elizabethmcdonald327@gmail.com,529-582-4692,"36584 Marisa Manors Suite 757
Marieton, VI 97857",Home Office,United States,Rockford,Illinois,61107.0,Central
DR-12880,Dan Reichenbach,aliciajensen722@gmail.com,001-877-196-1818x8380,"3664 Karina Branch Suite 037
New Christopher, NV 57102",Corporate,United States,Gresham,Oregon,97030.0,West
LH-16750,Larry Hughes,michaelbrowning436@gmail.com,-8298,"369 Johnson Villages
East Williamfurt, MO 77160",Consumer,United States,Philadelphia,Pennsylvania,19140.0,East
BG-11695,Brooke Gillingham,markrogers742@gmail.com,822-783-6078,"3716 Bowen Courts
North Ericfort, NV 79361",Corporate,United States,New York City,New York,10009.0,East
SC-20800,Stuart Calhoun,marialeonard114@gmail.com,-6059,"372 Crane Gardens Apt. 453
New Janetown, PA 80768",Consumer,United States,Houston,Texas,77041.0,Central
PF-19120,Peter Fuller,bradleymccann916@gmail.com,#ERROR!,"3747 Natalie Green
Lake Chloeland, MS 94418",Consumer,United States,San Antonio,Texas,78207.0,Central
DH-13675,Duane Huffman,chelseamoyer490@gmail.com,603.666.6309,"37727 Perkins Ridge
West Jennifer, MA 39031",Home Office,United States,San Francisco,California,94122.0,West
TC-20980,Tamara Chand,davidoconnor457@gmail.com,687-242-0191x97958,"3775 Kristen Fields Suite 988
New Mariachester, NJ 04412",Corporate,United States,Lafayette,Indiana,47905.0,Central
AC-10420,Alyssa Crouse,jodigonzalez185@gmail.com,137.205.7066,"378 Johnson Oval
South Stacie, RI 76332",Corporate,United States,Houston,Texas,77041.0,Central
MZ-17515,Mary Zewe,stephensmith199@gmail.com,4343467198,"3795 Roy Route
Martinland, ID 19127",Corporate,United States,Redlands,California,92374.0,West
AT-10435,Alyssa Tate,amandacohen517@gmail.com,001-078-327-9619,"37967 Kathryn Coves
South Stevenberg, AS 79859",Home Office,United States,Los Angeles,California,90045.0,West
DA-13450,Dianna Arnett,michelerogers269@gmail.com,001-559-896-1111,"3834 Patricia Course Suite 762
Bakerton, FL 73948",Home Office,United States,Washington,District of Columbia,20016.0,East
SH-20395,Shahi  Hopkins,lucaslewis226@gmail.com,#ERROR!,"385 Cynthia Way
Port Shannonchester, CA 25791",Consumer,United States,New York City,New York,10011.0,East
AS-10090,Adam Shillingsburg,adamholmes791@gmail.com,(240)190-2211x88150,"3854 Harris Lakes
Port Kaylashire, FM 70720",Consumer,United States,New York City,New York,10035.0,East
NC-18415,Nathan Cano,marymccormick110@gmail.com,(699)891-4300,"386 Santos Squares Apt. 713
South Bethfort, TN 86784",Consumer,United States,Jacksonville,North Carolina,28540.0,South
RB-19705,Roger Barcio,paulterry703@gmail.com,#ERROR!,"389 Raymond Mills Apt. 984
Wandaview, MN 27145",Home Office,United States,New York City,New York,10035.0,East
DS-13180,David Smith,janetholmes868@gmail.com,(550)925-7065x590,"3914 Sarah Meadows Apt. 706
Fieldsside, NM 45110",Corporate,United States,Philadelphia,Pennsylvania,19140.0,East
PR-18880,Patrick Ryan,melissamiller975@gmail.com,001-154-373-1573,"3930 Nelson Road
Lake Lisa, FL 14008",Consumer,United States,Oakland,California,94601.0,West
MC-17275,Marc Crier,nathanieljuarez137@gmail.com,796.692.3814,"394 Angela Throughway
South Jeanette, MO 74090",Consumer,United States,New York City,New York,10011.0,East
SC-20845,Sung Chung,michaelmcdonald578@gmail.com,001-303-876-9584x84773,"398 Jason Fall Suite 867
Rayshire, MO 08161",Consumer,United States,Louisville,Colorado,80027.0,West
RH-19555,Ritsa Hightower,gregorygomez896@gmail.com,2391501517,"399 Barnes Walk
Port Erin, FM 04887",Consumer,United States,Tallahassee,Florida,32303.0,South
CD-11920,Carlos Daly,ryanmartin765@gmail.com,716.926.7359x44261,"399 Walton Islands Suite 274
Fullerfurt, SC 20576",Consumer,United States,New York City,New York,10035.0,East
DJ-13630,Doug Jacobs,joshuajackson204@gmail.com,001-366-329-1602x9382,"401 Macias Camp Apt. 622
Angelabury, WY 31688",Consumer,United States,New York City,New York,10009.0,East
ME-17320,Maria Etezadi,marciaharris296@gmail.com,001-638-185-8805x5724,"40197 Garrett Wall
Lake Susanside, AS 65357",Home Office,United States,Santa Barbara,California,93101.0,West
SB-20290,Sean Braxton,markpowell175@gmail.com,837-113-7371x584,"40627 Elaine Road Suite 894
Ericbury, NY 13352",Corporate,United States,Henderson,Kentucky,42420.0,South
JM-16195,Justin MacKendrick,stephanierichardson449@gmail.com,179-574-4428x733,"40653 Norris Vista Apt. 474
Huntton, MO 28070",Consumer,United States,Louisville,Kentucky,40214.0,South
MS-17710,Maurice Satty,victorhaynes993@gmail.com,(864)064-3927x6444,"407 Stevens River
Huberchester, IA 01823",Consumer,United States,Detroit,Michigan,48205.0,Central
MC-18130,Mike Caudle,daniellehunter649@gmail.com,-3809,"40742 Patricia Lodge Apt. 167
Bradleyborough, IL 93820",Corporate,United States,Los Angeles,California,90004.0,West
PC-19000,Pauline Chand,richardwilliams844@gmail.com,927-993-3692x81231,"4103 Gordon Meadows Suite 186
Lopezburgh, NE 37672",Home Office,United States,Los Angeles,California,90004.0,West
SE-20110,Sanjit Engle,alyssawalker258@gmail.com,009.565.0773x4233,"4111 Martinez Fall Suite 429
Jenningsbury, MS 90348",Consumer,United States,San Jose,California,95123.0,West
EM-13810,,tracywolf621@gmail.com,218.569.8698x00388,"412 Jennifer Drive Apt. 217
Whitneyside, AL 29280",Corporate,United States,New York City,New York,10009.0,East
MK-17905,Michael Kennedy,robertweiss606@gmail.com,(621)960-3157,"413 Hernandez Mall
Johnberg, WI 39348",Corporate,United States,San Diego,California,92037.0,West
TT-21460,Tonja Turnell,christinavazquez516@gmail.com,726.048.0891,"41568 Peters Plains Apt. 156
North Susanland, MA 19019",Home Office,United States,Fort Worth,Texas,76106.0,Central
GA-14515,George Ashbrook,hannahhughes881@gmail.com,464.854.0341x88868,"4168 Richard Pike
New Adam, OR 18861",Consumer,United States,Los Angeles,California,90004.0,West
CR-12580,Clay Rozendal,timothymullins109@gmail.com,572.103.9107x933,"417 Tiffany Station
East Lauraport, TN 51946",Home Office,United States,New York City,New York,10009.0,East
MH-17455,Mark Hamilton,michellemiller622@gmail.com,529-431-4060x0302,"41921 Kennedy Union
Lake Diane, ME 11455",Consumer,United States,Hamilton,Ohio,45011.0,East
EL-13735,Ed Ludwig,johnsummers481@gmail.com,001-512-224-2638,"421 Gonzalez Pass Suite 637
Westmouth, AS 55772",Home Office,United States,Jefferson City,Missouri,65109.0,Central
CL-12700,Craig Leslie,karenford599@gmail.com,-5467,"42228 Williams Mews Suite 571
East Elizabeth, DE 41027",Home Office,United States,Florence,Kentucky,41042.0,South
JE-16165,Justin Ellison,jeffreyrogers314@gmail.com,-9221,"42388 Brandi Forest
West Scottfort, VI 25308",Corporate,United States,Franklin,Wisconsin,53132.0,Central
CT-11995,Carol Triggs,aprilbeck704@gmail.com,001-249-659-0277x520,"424 Julia Valley Apt. 358
Port Yolandaport, AS 33830",Consumer,United States,Los Angeles,California,90004.0,West
NW-18400,Natalie Webber,brandonvillarreal798@gmail.com,001-750-154-3365x394,"4257 Paul Landing Suite 160
Loweshire, PW 25781",Consumer,United States,Philadelphia,Pennsylvania,19120.0,East
KH-16360,Katherine Hughes,alexramsey619@gmail.com,305.385.7688x25523,"42710 Gaines Springs
Robertsstad, IA 53873",Consumer,United States,Louisville,Kentucky,40214.0,South
BD-11560,Brendan Dodson,juancruz282@gmail.com,306.805.1372x311,"429 Bonnie Via Suite 513
Wattsburgh, OK 75680",Home Office,United States,Springfield,Virginia,22153.0,South
CD-11980,Carol Darley,jennifersilva406@gmail.com,001-603-001-2916x597,"431 Isaac Port Suite 452
Georgestad, VI 33955",Consumer,United States,New York City,New York,10011.0,East
PK-19075,Pete Kriz,kennethyoung238@gmail.com,6560663133,"432 Dustin Isle Apt. 392
North Annabury, MO 62524",Consumer,United States,New York City,New York,10011.0,East
DK-12985,Darren Koutras,gloriamiller317@gmail.com,(009)155-6073x0567,"433 Roberts Trafficway
Kristamouth, ME 22141",Consumer,United States,Chicago,Illinois,60610.0,Central
KC-16540,Kelly Collister,danielorozco826@gmail.com,990-870-8463,"434 Wilkinson View Apt. 238
Brianside, SC 35956",Consumer,United States,San Diego,California,92037.0,West
MV-17485,Mark Van Huff,evanfarrell341@gmail.com,001-059-224-0188x6050,"43787 Patricia Gateway Suite 889
Harrisside, ID 95822",Consumer,United States,Houston,Texas,77041.0,Central
SM-20320,Sean Miller,emilydavis539@gmail.com,545.096.7227x7817,"438 George Springs Suite 324
West Carrie, MN 71568",Home Office,United States,Lafayette,Indiana,47905.0,Central
VD-21670,Valerie Dominguez,kellyholmes473@gmail.com,7080641202,"4381 Robert Trail Suite 976
Port Andrewview, FL 94170",Consumer,United States,Pleasant Grove,Utah,84062.0,West
FM-14380,Fred McMath,waynecurtis279@gmail.com,442-044-4262x8439,"4427 Sarah Brooks
Ericaburgh, GU 46009",Consumer,United States,Lawrence,Massachusetts,1841.0,East
AD-10180,Alan Dominguez,davidbenson257@gmail.com,3037692300,"444 Derek Summit
Lisaborough, WA 20685",Home Office,United States,Fairfield,Connecticut,6824.0,East
NZ-18565,Nick Zandusky,nathanpena166@gmail.com,595-770-5523x301,"4445 Saunders Square Apt. 466
South Sarabury, AR 62794",Home Office,United States,Toledo,Ohio,43615.0,East
EB-13930,Eric Barreto,natashacollins225@gmail.com,(856)411-8332,"4494 Brown Ferry Apt. 918
East Susanborough, VT 17641",Consumer,United States,Chicago,Illinois,60653.0,Central
BD-11620,Brian DeCherney,alexandergriffin680@gmail.com,001-548-906-1271x0623,"45253 Glass Divide Apt. 272
Lake Timothy, AZ 87119",Consumer,United States,Anaheim,California,92804.0,West
KT-16465,Kean Takahito,sherylkeith744@gmail.com,023.537.3245,"4537 Sanchez Field Suite 254
East Lisaport, MH 65401",Consumer,United States,Glendale,Arizona,85301.0,West
RE-19405,Ricardo Emerson,mollycarpenter734@gmail.com,001-253-773-2527x00778,"4550 Holly Well
East Caroline, OR 42588",Consumer,United States,Kent,Ohio,44240.0,East
VW-21775,Victoria Wilson,luisgreen860@gmail.com,001-185-140-3783,"4582 Freeman Tunnel
New Jennifermouth, CO 35413",Corporate,United States,Lakewood,Ohio,44107.0,East
KD-16615,,elizabethjennings888@gmail.com,896.509.3105,"45853 Wall Views
South Stacey, VA 19398",Corporate,United States,Anaheim,California,92804.0,West
BO-11425,Bobby Odegard,stevebraun545@gmail.com,3089011299,"4596 Steven Keys
North Stephanieland, AS 20567",Consumer,United States,Richmond,Kentucky,40475.0,South
VG-21805,Vivek Grady,oliviashaw123@gmail.com,#ERROR!,"4616 Connor Roads
Jamesbury, IL 84417",Corporate,United States,Lakewood,New Jersey,8701.0,East
ES-14080,Erin Smith,anthonywade160@gmail.com,-8784,"4697 Joanna Road Apt. 702
Mitchellport, OK 75186",Corporate,United States,Lakewood,New Jersey,8701.0,East
TD-20995,Tamara Dahlen,sarahspencer895@gmail.com,480-349-0392,"470 Willie Landing
Joshuabury, MN 39077",Consumer,United States,Garland,Texas,75043.0,Central
PS-18760,Pamela Stobb,brandonrodriguez659@gmail.com,#ERROR!,"47032 John Fort Apt. 541
East Cynthiaburgh, OK 21437",Consumer,United States,San Antonio,Texas,78207.0,Central
DB-13555,Dorothy Badders,katherineferguson577@gmail.com,410.912.9005x721,"4728 Robert Mount Apt. 574
Jameston, WA 60598",Corporate,United States,Raleigh,North Carolina,27604.0,South
SW-20755,Steven Ward,yvonneford241@gmail.com,154.769.9565x87246,"47340 Melissa Mountains Apt. 377
Port Timothy, VI 15361",Corporate,United States,Seattle,Washington,98115.0,West
SZ-20035,Sam Zeldin,meganrivera546@gmail.com,#ERROR!,"47356 Lewis Underpass Apt. 447
East Leslieberg, TN 37188",Home Office,United States,Lancaster,Ohio,43130.0,East
JH-15985,Joseph Holt,sarahcruz870@gmail.com,323-912-7257x0310,"475 Flynn Knoll Apt. 378
Gutierrezmouth, VA 72105",Consumer,United States,Concord,North Carolina,28027.0,South
GB-14575,Giulietta Baptist,kevinsantiago366@gmail.com,529.887.2870,"47537 Brian Hill
Port Jenniferborough, FL 59315",Consumer,United States,Columbia,South Carolina,29203.0,South
RH-19495,Rick Hansen,laurenowen169@gmail.com,(309)615-5407,"476 Sanchez Ridges
Goldenborough, NE 25825",Consumer,United States,Orlando,Florida,32839.0,South
LT-17110,Liz Thompson,michaellittle891@gmail.com,-2382,"476 Stephen Coves
New Robertborough, MO 89565",Consumer,United States,San Antonio,Texas,78207.0,Central
FH-14365,Fred Hopkins,jamesrobbins145@gmail.com,(932)014-8277x2638,"4793 Travis Course
Amberview, KS 58774",Corporate,United States,Seattle,Washington,98115.0,West
TS-21370,Todd Sumrall,paulchavez904@gmail.com,001-418-601-7035,"4806 King Plains
Port Samantha, TX 51555",Corporate,United States,New York City,New York,10035.0,East
NG-18430,Nathan Gelder,loriwalsh276@gmail.com,#ERROR!,"481 Nunez Forks
Josephport, DE 11778",Consumer,United States,Quincy,Illinois,62301.0,Central
HM-14980,Henry MacAllister,bruceyoung364@gmail.com,659.683.6080x8270,"48417 Mark Flats Apt. 120
Port Brian, NY 53188",Consumer,United States,Seattle,Washington,98105.0,West
AR-10540,Andy Reiter,erintaylor360@gmail.com,150.752.8570x5082,"48599 Russell Wall
Greeneburgh, MS 66862",Consumer,United States,San Francisco,California,94109.0,West
DF-13135,David Flashing,rhondamatthews710@gmail.com,021.449.1828x5577,"4872 Walter Hill
Lake Brianchester, PA 15374",Consumer,United States,Rockford,Illinois,61107.0,Central
TB-21400,Tom Boeckenhauer,allisonpeterson722@gmail.com,5562119984,"4895 Alexis Well
Maryburgh, AS 63699",Consumer,United States,Tulsa,Oklahoma,74133.0,Central
TB-21595,Troy Blackwell,dansmith727@gmail.com,604.269.4917x2873,"4895 Lopez Center Apt. 796
East Sara, AR 47988",Consumer,United States,Lubbock,Texas,79424.0,Central
GH-14665,Greg Hansen,williamhull306@gmail.com,(075)414-3719,"49286 Morris Stravenue
Murphytown, VT 31900",Consumer,United States,Chicago,Illinois,60610.0,Central
TP-21565,Tracy P 908765oddar,ashleyrogers966@gmail.com,993-804-6759x0849,"49379 Yang Trail Apt. 338
North Joshuafort, MP 23956",Corporate,United States,Grand Prairie,Texas,75051.0,Central
LS-16975,Lindsay Shagiari,tanyamartinez596@gmail.com,001-053-460-7640x563,"494 Watson Drive
North Kristinstad, PW 24811",Home Office,United States,Dallas,Texas,75081.0,Central
MH-18025,Michelle Huthwaite,kimberlyvega358@gmail.com,229.661.6756,"49417 Rodriguez Freeway Suite 212
Randallshire, NH 69191",Consumer,United States,Chicago,Illinois,60623.0,Central
LH-17155,Logan Haushalter,aliciarosales539@gmail.com,(893)300-9695x8634,"49669 Michelle Avenue Suite 393
Lake Danielfort, MH 69027",Consumer,United States,Oakland,California,94601.0,West
ML-17395,Marina Lichtenstein,jonathanbarker989@gmail.com,#ERROR!,"497 Smith Club Apt. 339
West Johnhaven, WI 67483",Corporate,United States,San Diego,California,92105.0,West
LC-16870,,courtneymueller552@gmail.com,161.827.2747x5202,"49735 Nancy Branch Suite 381
New Pattyview, TX 51713",Consumer,United States,Thornton,Colorado,80229.0,West
MC-17635,Matthew Clasen,andreaholder832@gmail.com,001-026-487-0963x0848,"4987 Molly Mews
South Larry, IN 08028",Corporate,United States,Los Angeles,California,90032.0,West
AG-10900,Arthur Gainer,kyliewhite170@gmail.com,#ERROR!,"5004 Christine Falls Suite 217
Jasonburgh, NJ 75688",Consumer,United States,Coral Springs,Florida,33065.0,South
PH-18790,Patricia Hirasaki,geoffreyrogers206@gmail.com,324.937.6500x4657,"50562 Deborah Crossroad
Campbellborough, FL 26140",Home Office,United States,Lakeland,Florida,33801.0,South
MH-17620,Matt Hagelstein,michaelfisher895@gmail.com,2695155149,"506 Mark Place
West Michelleland, FL 26912",Corporate,United States,San Francisco,California,94110.0,West
GH-14485,Gene Hale,brandibennett696@gmail.com,#ERROR!,"507 Leonard Canyon
Paulland, CT 04276",Corporate,United States,Richardson,Texas,75080.0,Central
EH-14185,Evan Henry,jessicaobrien660@gmail.com,(805)547-4348x39122,"50746 Collins Curve Apt. 987
Stevenview, GU 39995",Consumer,United States,Philadelphia,Pennsylvania,19120.0,East
EB-13870,Emily Burns,cindychambers182@gmail.com,182-511-8855,"50797 Anthony Meadows
Port Austinmouth, MO 01360",Consumer,United States,Orem,Utah,84057.0,West
TG-21310,Toby Gnade,jacquelinechambers543@gmail.com,562-003-1590,"5083 Owens Extension Suite 690
Juliaborough, ME 32697",Consumer,United States,Des Moines,Washington,98198.0,West
AG-10765,Anthony Garverick,tinamoore476@gmail.com,644007929,"50984 Shelly Pass
Port Nicholas, SC 48629",Home Office,United States,Hampton,Virginia,23666.0,South
EK-13795,Eileen Kiefer,bryanrichardson932@gmail.com,135.462.1827x752,"5109 Matthews Burgs
Charleshaven, ND 11065",Home Office,United States,Escondido,California,92025.0,West
RP-19390,Resi Pölking,kimberlyburnett717@gmail.com,422.891.7813,"51122 Mary Tunnel
West Kellymouth, KY 72272",Consumer,United States,New York City,New York,10009.0,East
SC-20230,Scot Coram,richardtaylor733@gmail.com,#ERROR!,"5113 Simon Plain
Port Tracyshire, MS 98731",Corporate,United States,Seattle,Washington,98105.0,West
RD-19720,Roger Demir,robertdavid712@gmail.com,001-170-870-5422x77731,"51197 Porter Ramp
Victorialand, TN 27312",Consumer,United States,Chicago,Illinois,60610.0,Central
MT-17815,Meg Tillman,reneesmith495@gmail.com,(787)782-4979x7150,"513 Anderson Throughway
Davidsonton, ND 90606",Consumer,United States,Jackson,Mississippi,39212.0,South
DO-13645,Doug O'Connell,kathleenpalmer993@gmail.com,949-632-5254x52033,"514 Davis Streets Apt. 617
Wendyfurt, IA 77863",Consumer,United States,Paterson,New Jersey,7501.0,East
KB-16315,Karl Braun,stevencastillo569@gmail.com,#ERROR!,"514 Nicholas Row Apt. 600
Mercedesfurt, MP 23388",Consumer,United States,Hollywood,Florida,33021.0,South
DK-13225,Dean Katz,amberhunter269@gmail.com,(794)799-3767x125,"51581 Tommy Club Apt. 845
Mackhaven, ID 39422",Corporate,United States,Philadelphia,Pennsylvania,19140.0,East
OT-18730,Olvera Toch,rebeccakline463@gmail.com,390.914.2934x69561,"5163 Miller Lakes
Lake Travismouth, WV 48889",Consumer,United States,Los Angeles,California,90045.0,West
DW-13585,Dorothy Wardle,christophermiles280@gmail.com,(265)384-7181x730,"517 Lauren Avenue
South Cassandraville, NC 59177",Corporate,United States,Troy,Ohio,45373.0,East
RM-19375,Raymond Messe,paullee464@gmail.com,799-067-9787x90990,"5171 William Estates
Barnesport, IA 99825",Consumer,United States,Houston,Texas,77095.0,Central
JB-16000,Joy Bell-,zacharyking771@gmail.com,#ERROR!,"5177 Huynh Course
South Hollyville, UT 10942",Consumer,United States,Longview,Washington,98632.0,West
AP-10915,Arthur Prichep,nicholasclayton408@gmail.com,001-341-958-7813x00713,"52017 Miller Summit
Benjaminshire, AZ 90897",Consumer,United States,Seattle,Washington,98105.0,West
JO-15145,Jack O'Briant,aaronbailey774@gmail.com,#ERROR!,"52657 Christina Mills Apt. 918
Flemingshire, CT 58411",Corporate,United States,San Francisco,California,94110.0,West
BF-11170,Ben Ferrer,stevenlittle308@gmail.com,(879)355-4470x670,"5268 Billy Glen
Lake Katieview, NV 47445",Home Office,United States,Baltimore,Maryland,21215.0,East
KB-16585,Ken Black,amandadavis517@gmail.com,933-556-3763,"52908 Mark Loop
East Jonathan, ID 27749",Corporate,United States,Seattle,Washington,98103.0,West
RB-19645,Robert Barroso,dennisgreen111@gmail.com,(721)549-6626,"530 Katrina Junction Suite 290
West Tracey, HI 78155",Corporate,United States,Memphis,Tennessee,38109.0,South
JG-15805,John Grady,wesleymoore172@gmail.com,304.198.0188,"53411 Travis Union
Kristenmouth, CT 70560",Corporate,United States,Decatur,Illinois,62521.0,Central
DB-13270,Deborah Brumfield,nancymiller756@gmail.com,001-692-810-9937x1856,"535 Ryan Circles Suite 141
Christophermouth, UT 15989",Home Office,United States,San Diego,California,92024.0,West
RC-19825,Roy Collins,annettelawrence119@gmail.com,(271)225-8558x85550,"53510 Thompson Alley Apt. 341
Christiemouth, NC 28667",Consumer,United States,Alexandria,Virginia,22304.0,South
ME-17725,Max Engle,peterjohnston438@gmail.com,(171)014-9035x5078,"5356 Lance Divide Suite 973
Manningfurt, GU 35916",Consumer,United States,Seattle,Washington,98105.0,West
EB-14110,Eugene Barchas,jacobrobinson266@gmail.com,(453)490-6518,"538 Evelyn Locks Apt. 855
West Sandra, VI 18998",Consumer,United States,Philadelphia,Pennsylvania,19134.0,East
IG-15085,Ivan Gibson,shannongilbert176@gmail.com,#ERROR!,"5393 Karen Forks
North Donna, ME 17833",Consumer,United States,Little Rock,Arkansas,72209.0,South
MF-18250,Monica Federle,ericferguson144@gmail.com,128.635.9988x0059,"5428 Pruitt Fall
New William, FL 60548",Corporate,United States,Little Rock,Arkansas,72209.0,South
AS-10045,Aaron Smayling,haleymartinez861@gmail.com,(823)674-8951x3895,"5431 Christopher Dale
Joshuahaven, CT 52230",Corporate,United States,Pasadena,California,91104.0,West
RC-19960,Ryan Crowe,williamcontreras230@gmail.com,(046)162-7437,"54354 Larry Burgs
Kevinshire, IL 89479",Consumer,United States,Springfield,Oregon,97477.0,West
MN-17935,Michael Nguyen,jamesjohnson951@gmail.com,073.030.6238x261,"54496 Waters Crescent
Lisaland, TN 94350",Consumer,United States,Memphis,Tennessee,38109.0,South
BE-11410,Bobby Elias,adriancross924@gmail.com,001-576-367-7384,"545 Manning Tunnel
Mcintoshland, KS 74967",Consumer,United States,Lancaster,Ohio,43130.0,East
CG-12040,Catherine Glotzbach,staceywelch971@gmail.com,153-578-4485,"54502 Blevins Flat
Lake Amanda, VT 17073",Home Office,United States,Philadelphia,Pennsylvania,19120.0,East
PA-19060,Pete Armstrong,susannavarro180@gmail.com,169-774-6643,"546 Liu Landing Suite 002
Allisonside, FM 99857",Home Office,United States,Richmond,Indiana,47374.0,Central
MS-17530,MaryBeth Skach,matthewthomas990@gmail.com,8860156884,"5461 Johnson Meadows Apt. 720
West Andrewside, KS 61767",Consumer,United States,Seattle,Washington,98105.0,West
LC-17050,Liz Carlisle,kaylagould412@gmail.com,(916)053-1739,"547 Hull View
Port Jenniferport, KS 90244",Consumer,United States,Medina,Ohio,44256.0,East
DK-13375,Dennis Kane,shelbygomez681@gmail.com,001-151-507-6676x76952,"547 Tristan Fall Apt. 910
Kennethshire, IL 94867",Consumer,United States,Westland,Michigan,48185.0,Central
HD-14785,Harold Dahlen,williamjackson938@gmail.com,263-538-5521x083,"548 Christine Villages Suite 166
Travischester, CA 40095",Home Office,United States,Philadelphia,Pennsylvania,19143.0,East
TZ-21580,Tracy Zic,michellecollins192@gmail.com,(377)901-5059x66423,"551 Stephanie Green
Aaronview, FL 97888",Consumer,United States,Louisville,Colorado,80027.0,West
PO-19180,Philisse Overcash,jacobwalker983@gmail.com,-681,"55131 Gray Harbor
Rebeccafurt, WY 99585",Home Office,United States,Houston,Texas,77095.0,Central
SM-20005,Sally Matthias,timjones317@gmail.com,001-265-477-7702x62107,"552 Jennifer Cape Apt. 065
Sydneyburgh, NV 24609",Consumer,United States,New York City,New York,10009.0,East
RF-19840,Roy Französisch,jennifermorris687@gmail.com,001-674-070-2067,"55251 Lin Corner
Port Brandonmouth, MA 08958",Consumer,United States,Chesapeake,Virginia,23320.0,South
ML-18040,Michelle Lonsdale,kristenkeith167@gmail.com,001-857-010-1331x865,"5549 Obrien Crescent Apt. 539
Jillmouth, NV 65262",Corporate,United States,Albuquerque,New Mexico,87105.0,West
JP-15460,Jennifer Patt,lisamclean178@gmail.com,#ERROR!,"555 Alejandra Islands Suite 244
Lynnhaven, DE 12323",Corporate,United States,Dallas,Texas,75220.0,Central
YC-21895,Yoseph Carroll,jordanellis644@gmail.com,(445)571-3308,"55535 Knight Fields Apt. 599
Lake Andrew, NH 37720",Corporate,United States,Newark,Delaware,19711.0,East
JK-16090,Juliana Krohn,sarahgarcia897@gmail.com,#ERROR!,"557 Thomas Haven Apt. 776
West Joy, MP 81802",Consumer,United States,Louisville,Kentucky,40214.0,South
SB-20185,Sarah Brown,heatherprice643@gmail.com,(274)076-1792x556,"5572 Joshua Field Apt. 119
Lake Tylermouth, FM 17737",Consumer,United States,Evanston,Illinois,60201.0,Central
JW-15220,Jane Waco,robertprince880@gmail.com,4297279395,"5576 Timothy Coves
North Miguel, MO 28971",Corporate,United States,Lawrence,Massachusetts,1841.0,East
CV-12805,Cynthia Voltz,sharigarcia531@gmail.com,4521067813,"56002 Edwards Green
Wilsonville, AZ 55516",Corporate,United States,Fort Worth,Texas,76106.0,Central
EC-14050,Erin Creighton,josephcross873@gmail.com,001-195-587-9980x459,"56076 Hernandez Mount
West Gilbert, FM 02174",Consumer,United States,Columbus,Georgia,31907.0,South
MS-17830,Melanie Seite,gabrielglenn611@gmail.com,927.642.5903x199,"56088 John Lake
North Shawn, NJ 36049",Consumer,United States,Laredo,Texas,78041.0,Central
BS-11590,Brendan Sweed,breannasantos355@gmail.com,680-261-2092,"56105 King Brook
Staffordland, RI 22533",Corporate,United States,Columbus,Ohio,43229.0,East
KD-16270,Karen Dan!els,benjaminpayne924@gmail.com,#ERROR!,"5612 Meyers Stravenue Apt. 559
West Kelseyburgh, MH 58753",Consumer,United States,New York City,New York,10024.0,East
JF-15415,Jennifer Ferguson,sherrycollins895@gmail.com,001-943-211-5014x6744,"5619 Pittman Ford
Timothybury, FL 10672",Consumer,United States,Seattle,Washington,98105.0,West
AP-10720,Anne Pryor,garyjones407@gmail.com,(376)159-2660,"5624 John Corner
Victorstad, IA 25172",Home Office,United States,Los Angeles,California,90032.0,West
SJ-20215,Sarah Jordon,jenniferobrien794@gmail.com,286.131.4129x491,"56382 Rivas Path
Salinasfurt, MP 11573",Consumer,United States,Los Angeles,California,90049.0,West
ME-18010,Michelle Ellison,heatherhendrix313@gmail.com,(845)819-5762,"565 Amy Crossing Apt. 049
Lake Joseton, MD 49170",Corporate,United States,Marion,Ohio,43302.0,East
JF-15565,Jill Fjeld,matthewkennedy713@gmail.com,(895)632-2541,"5657 Amber Roads
South Tanya, ME 55772",Consumer,United States,Fayetteville,North Carolina,28314.0,South
CS-12250,Chris Selesnick,lindacraig125@gmail.com,001-578-431-2160,"566 Moore Knoll Suite 649
Parkermouth, MS 88971",Corporate,United States,Haltom City,Texas,76117.0,Central
AF-10885,Art Foster,erikmacias904@gmail.com,135-367-2526x9925,"568 Christopher Tunnel
Toddburgh, DE 86966",Consumer,United States,Fairfield,Ohio,45014.0,East
GM-14455,Gary Mitchum,charlesgardner634@gmail.com,#ERROR!,"56920 Lori Extensions Apt. 319
Dawnhaven, WA 16059",Home Office,United States,Columbus,Ohio,43229.0,East
JM-15580,Jill Matthias,paulalvarez390@gmail.com,425-443-1836,"56958 Sara Valley Apt. 958
South Gwendolyn, IN 15815",Consumer,United States,Seattle,Washington,98105.0,West
JP-16135,Julie Prescott,michaeltran858@gmail.com,111.966.0392x47686,"570 Kyle Lodge Apt. 938
West Brianashire, FM 66798",Home Office,United States,Muskogee,Oklahoma,74403.0,Central
CM-12385,Christopher Martinez,gabriellesmith365@gmail.com,324.369.9483,"57060 Smith Mountains Apt. 084
Lake Victoriamouth, ND 46585",Consumer,United States,Atlanta,Georgia,30318.0,South
BS-11800,Bryan Spruell,tiffanypearson871@gmail.com,001-341-627-5718x3914,"573 Nielsen Radial Apt. 571
Jenniferhaven, GA 27177",Home Office,United States,New York City,New York,10011.0,East
BG-11035,Barry Gonzalez,emilythomas235@gmail.com,001-006-358-6967,"5732 Pedro Cliff
Christopherton, PR 77837",Consumer,United States,Austin,Texas,78745.0,Central
JK-15325,Jason Klamczynski,amberramirez415@gmail.com,(674)013-3817x46967,"576 Kathryn Flat
South Christopher, IL 13391",Corporate,United States,Dallas,Texas,75220.0,Central
BW-11200,5467Ben Wallace,elijahcook838@gmail.com,-2344,"577 Brown Hills Apt. 339
North Donnaville, AS 67858",Consumer,United States,Skokie,Illinois,60076.0,Central
KN-16390,Katherine Nockton,carriehanson130@gmail.com,#ERROR!,"582 Logan Parks
Jenniferfort, AL 12921",Corporate,United States,New York City,New York,10011.0,East
