Customer ID,Customer Name,email,phone,address,Segment,Country,City,State,Postal Code,Region
LW-16990,Lindsay Williams,angelahoward623@gmail.com,853-660-7372x805,"58474 Lopez Port
New Chadtown, IL 55760",Corporate,United States,Monroe,North Carolina,28110.0,South
YS-21880,Yana Sorensen,tylerjones637@gmail.com,912-445-7716x34658,"5856 Nicole Crest Apt. 004
North Christineland, PW 84482",Corporate,United States,Los Angeles,California,90036.0,West
EH-14125,Eugene Hildebrand,karenjacobs432@gmail.com,#ERROR!,"589 Stacey Prairie Suite 695
East Justin, DC 94097",Home Office,United States,Philadelphia,Pennsylvania,19140.0,East
BT-11305,"Beth Tho098-.,;;mpson",audreyrichardson371@gmail.com,-3305,"589 Wilson Club
North Lisaside, DE 98079",Home Office,United States,Superior,Wisconsin,54880.0,Central
EB-13750,Edward Becker,thomashickman353@gmail.com,(300)852-8375x7146,"58996 Anthony Trafficway Suite 095
Port Melissa, MT 84143",Corporate,United States,Plantation,Florida,33317.0,South
KH-16630,Ken Heidel,randyelliott568@gmail.com,709-181-6245x66499,"59023 Boyd Forest Apt. 266
Port Davidmouth, CT 34959",Corporate,United States,Clinton,Maryland,20735.0,East
EM-14095,Eudokia Martin,markstewart528@gmail.com,5087731130,"594 Cheyenne Heights Apt. 511
Rileyland, IL 73967",Corporate,United States,Springfield,Virginia,22153.0,South
MH-17290,Marc Harrigan,anthonysmith783@gmail.com,#ERROR!,"5949 Nancy Road
Lake Todd, MD 59856",Home Office,United States,Los Angeles,California,90036.0,West
AR-10510,Andrew Roberts,janiceroman109@gmail.com,(185)406-7142x057,"5953 Gill Centers
Masontown, MI 39024",Consumer,United States,Philadelphia,Pennsylvania,19134.0,East
TC-21295,Toby Carlisle,dianaherring411@gmail.com,#ERROR!,"5955 Jennifer Lakes Apt. 153
South Kevin, MP 42733",Consumer,United States,San Diego,California,92024.0,West
FC-14335,Fred Chung,matthewhogan675@gmail.com,224.046.5899x6684,"5955 Jessica Cove
East Ginaburgh, MN 19795",Corporate,United States,Pueblo,Colorado,81001.0,West
JR-16210,Justin Ritter,jonathanclark863@gmail.com,293-097-5033x062,"59694 Kenneth Orchard
South Brendaport, CA 29492",Corporate,United States,Columbus,Indiana,47201.0,Central
DP-13105,Dave Poirier,michaellopez745@gmail.com,534-497-4017,"598 Ashley Run
Brownmouth, NH 20431",Corporate,United States,Philadelphia,Pennsylvania,19134.0,East
KS-16300,Karen Seio,jefferypeterson263@gmail.com,001-450-530-0545,"603 Sophia Harbors Apt. 633
Edwardfurt, CO 20814",Corporate,United States,Columbus,Georgia,31907.0,South
DW-13540,Don Weiss,markrivers649@gmail.com,696-932-2805,"60437 Williams Stream Apt. 817
Emilymouth, GA 94269",Consumer,United States,Seattle,Washington,98105.0,West
PJ-19015,Pauline Johnson,julierogers229@gmail.com,617-913-2741x3442,"6063 Bender Mountains Suite 816
Phillipside, NM 15455",Consumer,United States,New York City,New York,10024.0,East
JS-15940,Joni Sundaresam,melissawilson600@gmail.com,(879)655-4559,"60749 Javier View Apt. 637
North Chad, HI 53479",Home Office,United States,Lancaster,Ohio,43130.0,East
SG-20080,Sandra Glassco,philipvargas623@gmail.com,001-699-396-4378,"608 Joseph Groves
New Damon, MN 88274",Consumer,United States,Redlands,California,92374.0,West
AG-10390,Allen Goldenen,codylyons721@gmail.com,271-660-8219,"60971 Carrillo Square Suite 141
New Kimberlybury, AS 02128",Consumer,United States,Cincinnati,Ohio,45231.0,East
NG-18355,Nat Gilpin,amandaromero232@gmail.com,639-800-7127x57046,"610 Proctor Ferry Apt. 716
Ellenberg, PR 37379",Corporate,United States,Newark,Ohio,43055.0,East
TP-21415,Tom Prescott,elizabethsmith907@gmail.com,166-686-4193x396,"61342 Young Rapid
Christopherview, SD 86138",Consumer,United States,Dallas,Texas,75081.0,Central
KW-16570,Kelly Williams,thomasjuarez767@gmail.com,4982595836,"6136 Richard Highway Apt. 549
Andersonshire, DC 71714",Consumer,United States,San Francisco,California,94109.0,West
SW-20350,Sean Wendt,michaeloneill104@gmail.com,963-127-0885x0803,"6140 Perez Roads
Riceburgh, WV 86831",Home Office,United States,Detroit,Michigan,48227.0,Central
VS-21820,Vivek Sundaresam,rickymoore327@gmail.com,001-928-253-4207x100,"61706 Simmons Rapid Apt. 512
New Kimberly, LA 76265",Consumer,United States,Huntsville,Texas,77340.0,Central
DR-12940,Daniel Raglin,donnabird513@gmail.com,870.750.2788x2602,"6235 Navarro Glens
New Meghan, MO 39149",Home Office,United States,Lake Charles,Louisiana,70601.0,South
KN-16450,Kean Nguyen,davidevans781@gmail.com,170.472.0219x907,"62555 Kaiser Forges Apt. 508
Rodriguezland, NH 83528",Corporate,United States,Redondo Beach,California,90278.0,West
RM-19675,Robert Marley,geraldmorgan444@gmail.com,001-588-303-5808x756,"62592 Barnes Light Suite 315
Lake Martinside, NH 72281",Home Office,United States,Monroe,Louisiana,71203.0,South
CB-12415,Christy Brittain,brittanymiller293@gmail.com,(541)625-0778,"629 Green Cliff Apt. 429
Jasonville, SC 85081",Consumer,United States,Chicago,Illinois,60653.0,Central
BD-11725,Bruce Degenhardt,brittanyhanna710@gmail.com,297.073.5349x419,"62994 Lindsey Estate
Lake Christine, VA 10667",Consumer,United States,Lafayette,Louisiana,70506.0,South
BP-11155,[]-=;''Becky Pak,brianolson853@gmail.com,(767)436-0931x540,"630 Jacobs Courts Apt. 366
Carrollshire, MH 92998",Consumer,United States,New York City,New York,10011.0,East
NP-18325,,jeffreyneal983@gmail.com,930.466.2609,"63064 Crystal Springs
West Charlesland, WI 73915",Consumer,United States,New York City,New York,10024.0,East
MH-18115,Mick Hernandez,michaelolsen664@gmail.com,#ERROR!,"63069 Crystal Row
Barrychester, SD 38674",Home Office,United States,Pharr,Texas,78577.0,Central
DJ-13420,Denny Joy,brittanygolden929@gmail.com,9763663154,"63249 Brian Lock
Smithberg, MT 45202",Corporate,United States,Warner Robins,Georgia,31088.0,South
DM-12955,Dario Medina,zacharydavis304@gmail.com,154.021.7155x5483,"6344 Howard Valley
Lake Robert, PR 95403",Corporate,United States,Yuma,Arizona,85364.0,West
GP-14740,Guy Phonely,davidtownsend983@gmail.com,001-025-487-2679x67146,"635 Nixon Fields Apt. 774
Harrisonton, AR 27316",Corporate,United States,Leominster,Massachusetts,1453.0,East
BN-11470,Brad Norvell,alyssawalker255@gmail.com,013-078-8928x46126,"6351 Stevens Viaduct Apt. 798
Angelaview, NJ 85260",Corporate,United States,Cary,North Carolina,27511.0,South
SG-20890,Susan Gilcrest,jonathancaldwell409@gmail.com,001-215-759-0112x6382,"63600 Valerie Rapids
New Josephbury, AK 36829",Corporate,United States,Mcallen,Texas,78501.0,Central
TP-21130,Theone Pippenger,anthonygutierrez407@gmail.com,980-991-6551x0673,"637 Nicole Valleys Apt. 418
Michaelstad, OK 30131",Consumer,United States,Detroit,Michigan,48227.0,Central
DK-13090,Dave Kipp,nicolemcintyre424@gmail.com,(395)369-5742,"63757 Morgan Turnpike Suite 661
Lisabury, KY 98744",Consumer,United States,Orlando,Florida,32839.0,South
BB-11545,Brenda Bowman,hannahwu194@gmail.com,#ERROR!,"63827 Justin Estate
Lake Susanbury, TN 74666",Corporate,United States,Oakland,California,94601.0,West
BG-11740,B*#^%ruce Geld,johncruz574@gmail.com,201-772-5754x23993,"6419 Scott Streets
Christinehaven, VI 84128",Consumer,United States,Bakersfield,California,93309.0,West
JW-15955,Joni Wa55erman,danielmoore915@gmail.com,578.001.1587,"643 Javier Drives
Gonzalesburgh, NY 28012",Consumer,United States,Philadelphia,Pennsylvania,19120.0,East
SN-20710,Steve Nguyen,nathannelson356@gmail.com,3922014858,"64364 Gibson Parks
Craneborough, TX 85205",Home Office,United States,Covington,Washington,98042.0,West
AA-10375,Allen Armold,garymoore386@gmail.com,221.945.4191x8872,"6450 John Lodge
Territon, KY 95945",Consumer,United States,Atlanta,Georgia,30318.0,South
GR-14560,Georgia Rosenberg,lisacollins933@gmail.com,252-008-9380,"64550 Medina Vista Suite 142
Lake Kelly, AS 64979",Corporate,United States,San Francisco,California,94110.0,West
SR-20740,Steven Roelle,douglaswright254@gmail.com,248.283.8475,"6459 Wilkins Crossroad
South Moniquemouth, WA 95796",Home Office,United States,New York City,New York,10024.0,East
TT-21265,Tim Taslimi,abigailmiddleton517@gmail.com,359.948.2563x84650,"64665 Vaughn Walk
Lake Stevenmouth, PA 88651",Corporate,United States,New York City,New York,10024.0,East
EG-13900,Emily Grady,jaywilliams210@gmail.com,001-565-075-2926x980,"64704 Karl Spur
North Aprilland, TN 68283",Consumer,United States,Oceanside,New York,11572.0,East
BD-11500,Bradley Drucker,desireewebster750@gmail.com,357-484-2941x0453,"648 Garcia Light Apt. 666
Prestonberg, AK 20231",Consumer,United States,Richmond,Virginia,23223.0,South
CM-12235,Chris McAfee,ryanmurray936@gmail.com,-1528,"64878 Brown Cape
Zamorastad, NM 42037",Consumer,United States,Phoenix,Arizona,85023.0,West
TC-21475,Tony Chapman,connorbauer137@gmail.com,001-855-849-4774x954,"6504 Cole Estates
Mckinneybury, PA 48366",Home Office,United States,Fort Collins,Colorado,80525.0,West
CC-12220,Chris Cortes,mirandawilliams964@gmail.com,6448376611,"65122 Wagner Mission Suite 100
Mariastad, MP 24086",Consumer,United States,Los Angeles,California,90032.0,West
JC-16105,Julie Creighton,nancydean897@gmail.com,001-963-662-1915x5261,"652 Perez Wall Apt. 349
Perryhaven, MO 58644",Corporate,United States,Rochester,New York,14609.0,East
NC-18340,Nat Carroll,maryharris698@gmail.com,101.363.5697x0599,"65401 Pollard Pines
Lake Barbarafurt, KS 55063",Consumer,United States,Lansing,Michigan,48911.0,Central
FW-14395,Fred Wa55erman,natashagallegos834@gmail.com,735.680.1660,"660 Camacho Station
Kathrynchester, DC 34001",Corporate,United States,New York City,New York,10011.0,East
CA-12775,"Cynthia A;,.[]rntzen",stephensharp521@gmail.com,001-839-244-6518x8548,"66083 Harris Vista Apt. 790
North Karen, VT 95276",Consumer,United States,Detroit,Michigan,48205.0,Central
TB-21250,Tim Brockman,robinmorgan939@gmail.com,(935)996-6793,"662 Martinez Junction
Brucefort, MN 31840",Consumer,United States,Seattle,Washington,98103.0,West
PB-19150,Philip Brown,maryperkins821@gmail.com,093-415-0249,"6638 Patton Isle
Markbury, NY 03891",Consumer,United States,New York City,New York,10009.0,East
AB-10165,Alan Barnes,kentweaver695@gmail.com,(000)101-6979x011,"6644 Mitchell Burg
Victorhaven, KS 66356",Consumer,United States,Toledo,Ohio,43615.0,East
AJ-10960,Astrea Jones,jonathanmiddleton724@gmail.com,029.750.6082,"6657 Sabrina Point Suite 915
New Robert, MD 65031",Consumer,United States,New York City,New York,10035.0,East
CB-12535,Claudia Bergmann,sabrinamclaughlin622@gmail.com,(356)346-0597,"667 Dan Alley
Barryton, NJ 65271",Corporate,United States,Camarillo,California,93010.0,West
HH-15010,Hilary Holden,alexandrathompson540@gmail.com,426-005-3897,"66804 Miller Prairie Apt. 112
West Williamhaven, TX 23964",Corporate,United States,San Francisco,California,94110.0,West
SP-20920,Susan Pistek,dennisthompson800@gmail.com,(303)922-5187x767,"6708 Monique Stream
South Tiffany, OR 29241",Consumer,United States,Columbus,Ohio,43229.0,East
DL-13315,Delfina Latchford,thomasguzman176@gmail.com,001-636-857-6472,"675 Michael Land
Hillburgh, MP 53322",Consumer,United States,Chicago,Illinois,60653.0,Central
TB-21355,Todd Boyes,suzanneschmidt937@gmail.com,(061)821-5901,"6793 Deleon Haven
Elliottbury, NM 56577",Corporate,United States,Houston,Texas,77041.0,Central
MY-17380,Maribeth Yedwab,jacobdixon509@gmail.com,#ERROR!,"6801 Schultz Crossroad
Lindseyhaven, MA 37157",Corporate,United States,Parker,Colorado,80134.0,West
MS-17770,Maxwell Schwartz,tinamedina106@gmail.com,#ERROR!,"68063 Alvarez Village
Kimberlyfurt, NH 80799",Consumer,United States,Rochester,New York,14609.0,East
KA-16525,Kelly Andreada,juliehall290@gmail.com,(297)024-6359,"68302 Danny Rue
Thompsonberg, OK 40204",Consumer,United States,San Diego,California,92037.0,West
EJ-13720,Ed Jacobs,paulunderwood405@gmail.com,782227663,"68392 Jacob Corner
Heidiburgh, GA 98749",Consumer,United States,Los Angeles,California,90008.0,West
SC-20020,Sam Craven,ryanwilliamson403@gmail.com,(338)740-8156,"6848 Alex Ford Apt. 665
Rogerborough, MI 60699",Consumer,United States,Plano,Texas,75023.0,Central
PB-19210,Phillip Breyer,amberrivera823@gmail.com,311-263-6049x7995,"68833 Reed Fords
West Andrea, FL 79976",Corporate,United States,Tulsa,Oklahoma,74133.0,Central
SL-20155,Sara Luxemburg,jacquelinecook436@gmail.com,971-291-1386x1226,"68918 Obrien Glen Apt. 566
Newmanbury, PA 85757",Home Office,United States,Jacksonville,Florida,32216.0,South
SC-20050,Sample Company A,richardbrown596@gmail.com,#ERROR!,"6894 Spears Landing Suite 743
East Gregory, MT 05535",Home Office,United States,La Mesa,California,91941.0,West
AH-10585,Angele Hood,patriciaparker125@gmail.com,505.913.8048,"69076 James Lights
Jeremyton, ID 40460",Consumer,United States,Seattle,Washington,98105.0,West
SS-20410,Shahi  Shariari,alexanderrodriguez847@gmail.com,(752)314-9555,"691 Brewer Cliff Suite 717
Ryanport, ID 05885",Consumer,United States,Atlanta,Georgia,30318.0,South
ST-20530,Shui Tom,michaelpalmer470@gmail.com,642.894.7735,"69238 Travis Ramp
Michelleberg, VT 47459",Consumer,United States,Macon,Georgia,31204.0,South
BW-11110,Bart Watters,robinsnyder713@gmail.com,(582)599-3854x61399,"693 Wilkerson Stream
Lake Patricia, SD 10979",Corporate,United States,San Diego,California,92105.0,West
DB-13120,David Bremer,davidarnold861@gmail.com,#ERROR!,"69335 Bradley Club Apt. 089
Lake David, FL 57220",Corporate,United States,Tampa,Florida,33614.0,South
BT-11680,Brian Thompson,rhondaflores754@gmail.com,-9550,"695 Weeks Pike Suite 709
Elizabethport, PA 64690",Consumer,United States,Clinton,Maryland,20735.0,East
PG-18895,Paul Gonzalez,jordananderson316@gmail.com,-8478,"696 Ellen Flat
West Jameshaven, CA 21887",Consumer,United States,Los Angeles,California,90008.0,West
LW-17125,Liz Willingham,jackstephens534@gmail.com,#ERROR!,"69601 Aaron Fort Apt. 473
Kellerport, AR 49203",Consumer,United States,Norwich,Connecticut,6360.0,East
TN-21040,Tanja Norvell,robertonichols457@gmail.com,001-894-733-3951,"698 Martin Rapids
Denisemouth, OK 75966",Home Office,United States,Phoenix,Arizona,85023.0,West
CS-12175,Charles Sheldon,tiffanybowers561@gmail.com,644-058-3831x187,"700 Johnson Path Suite 935
New David, PW 75426",Corporate,United States,San Francisco,California,94122.0,West
JS-16030,Joy Smith,cynthiasmith967@gmail.com,001-788-075-5047,"7008 Martinez Haven Apt. 015
North Amandastad, VA 54060",Consumer,United States,Hattiesburg,Mississippi,39401.0,South
LS-17200,Luke Schmidt,kimberlyweaver772@gmail.com,614-684-8227x52014,"702 Roy Manors
West Courtneytown, NV 45372",Corporate,United States,Texarkana,Arkansas,71854.0,South
RS-19870,Roy Skaria,richardsmith298@gmail.com,262-766-0494,"703 Fisher Groves Suite 113
Greenton, OR 19194",Home Office,United States,Philadelphia,Pennsylvania,19120.0,East
DJ-13510,Don Jones,russellberry793@gmail.com,001-568-397-8450x16820,"704 Stephanie Plain
North Aprilburgh, MH 49865",Corporate,United States,Little Rock,Arkansas,72209.0,South
RF-19735,Roland Fjeld,yeseniacalhoun332@gmail.com,(967)093-1432,"7044 Deborah Avenue
Brayville, TN 21275",Consumer,United States,San Jose,California,95123.0,West
GT-14635,Grant Thornton,kennethwilson856@gmail.com,268-582-7362x97611,"7080 Simpson Light
East Ericachester, WV 21935",Corporate,United States,Long Beach,New York,11561.0,East
ZC-21910,Zuschuss Carroll,alexreyes499@gmail.com,#ERROR!,"70817 James Park Suite 182
Rogersville, NV 19726",Consumer,United States,Houston,Texas,77095.0,Central
AG-10300,Aleksandra Gannaway,derekpeterson324@gmail.com,(864)569-7197,"70830 Jonathan Pine
Wilcoxburgh, MI 38265",Corporate,United States,Las Vegas,Nevada,89115.0,West
SP-20650,Stephanie Phelps,williamwagner967@gmail.com,#ERROR!,"7085 Gregory Causeway
Lake Samanthatown, TN 70488",Corporate,United States,San Jose,California,95123.0,West
CA-12055,C@thy Armstrong,charlesnunez365@gmail.com,(050)210-1799x0741,"70959 Nichols Point
North Stephanieton, OH 05224",Home Office,United States,New York City,New York,10009.0,East
MM-17260,Magdelene Morse,brianhill967@gmail.com,475.424.7442,"7098 Jacqueline Manors
Allenville, NY 04058",Consumer,United States,New Rochelle,New York,10801.0,East
JS-15880,John Stevenson,jamiehughes440@gmail.com,708189739,"712 Michelle Brooks Suite 483
East Donaldmouth, PA 77215",Consumer,United States,Seattle,Washington,98103.0,West
PM-19135,Peter McVee,brianwilkinson935@gmail.com,-4502,"713 Greene Divide
Bakerborough, MS 10144",Home Office,United States,Jacksonville,Florida,32216.0,South
HG-14965,Henry Goldwyn,stevenstephens702@gmail.com,235.944.6519x84532,"71479 Flynn Branch Apt. 609
New William, NC 27397",Corporate,United States,Colorado Springs,Colorado,80906.0,West
SW-20455,Shaun Weien,brianblackburn727@gmail.com,941-632-1402x41703,"715 Henderson Vista Suite 622
Laurenmouth, ME 29487",Consumer,United States,San Francisco,California,94109.0,West
RB-19330,Randy Bradley,nicholeclay725@gmail.com,(509)901-5665x9430,"71557 Christopher River
East Emilyview, KY 34834",Consumer,United States,Austin,Texas,78745.0,Central
JK-15205,Jamie Kunitz,andrewjenkins983@gmail.com,939.698.5112,"7175 Pena Squares
Hernandezton, PR 79889",Consumer,United States,Arlington,Virginia,22204.0,South
AJ-10795,Anthony Johnson,michaelwilliams977@gmail.com,#ERROR!,"72249 Maria Summit Suite 055
East Danielton, MP 13831",Corporate,United States,Jacksonville,Florida,32216.0,South
MC-18100,Mick Crebagga,haleyjones831@gmail.com,785.593.1813x31856,"728 Smith Crossroad Apt. 392
Matthewland, MN 31892",Consumer,United States,Houston,Texas,77041.0,Central
EM-13825,Elizabeth Moffitt,michaelcastro994@gmail.com,#ERROR!,"729 Norton Inlet Apt. 032
New Christopherborough, VA 79143",Corporate,United States,Sioux Falls,South Dakota,57103.0,Central
RP-19270,Rac5467hel Payne,christopheranderson206@gmail.com,985.416.2404,"731 Maria Fords
Masonview, MN 85661",Corporate,United States,San Francisco,California,94110.0,West
AC-10660,Anna Chung,jasonbrown753@gmail.com,#ERROR!,"7310 Romero Summit
East Scotttown, DC 53183",Consumer,United States,Parma,Ohio,44134.0,East
TA-21385,Tom Ashbrook,tinafrench111@gmail.com,8675338672,"73108 Rogers Well Apt. 072
Caldwellberg, PA 29828",Home Office,United States,New York City,New York,10024.0,East
HM-14860,Harry Marie,matthewjohnson729@gmail.com,053.830.0823x864,"734 Nina Fort Apt. 854
New Norma, NE 13380",Corporate,United States,Dallas,Texas,75217.0,Central
RH-19600,Rob Haberlin,angelahughes570@gmail.com,001-643-416-0882x0504,"73562 Miles Underpass
Reedtown, PR 45681",Consumer,United States,Carol Stream,Illinois,60188.0,Central
BP-11230,Benjamin Patterson,stephaniefaulkner908@gmail.com,#ERROR!,"73680 Jesus Flats
New Daniel, NV 98748",Consumer,United States,Broken Arrow,Oklahoma,74012.0,Central
CA-11965,Carol Adams,dennishill785@gmail.com,(081)240-9092,"739 Fleming Spur
Lake Sarahstad, ID 31128",Corporate,United States,Port Arthur,Texas,77642.0,Central
CC-12430,Chuck Clark,jesushiggins236@gmail.com,270-910-1833x67990,"7406 Mejia Row
Buckport, VT 69320",Home Office,United States,New York City,New York,10009.0,East
EB-14170,Evan Bailliet,josephmartinez526@gmail.com,(888)062-8441,"744 Cox Valley Apt. 779
South Davidstad, UT 59331",Consumer,United States,Laredo,Texas,78041.0,Central
MC-17590,Matt Collister,janicehughes655@gmail.com,967-413-5109,"744 Leach Hollow Suite 063
Petersonton, WI 29760",Corporate,United States,Arlington,Texas,76017.0,Central
MF-17665,Maureen Fritzler,bettyenglish108@gmail.com,482-509-2472x0628,"74425 Dawson Route
Scottside, AS 75946",Corporate,United States,Columbia,Maryland,21044.0,East
TB-21280,Toby Braunhardt,kevinsmith744@gmail.com,9823460193,"74502 Stephen Divide Suite 781
Wagnermouth, ID 63209",Consumer,United States,Washington,District of Columbia,20016.0,East
JM-15250,Janet Martin,kellysanchez385@gmail.com,001-549-431-0392x640,"74600 Ellis Prairie
Barnesstad, KS 28567",Consumer,United States,Baltimore,Maryland,21215.0,East
SC-20305,Sean Christensen,debrahernandez767@gmail.com,-5791,"74670 Robert Groves
West Anthonytown, MO 25296",Consumer,United States,Rochester Hills,Michigan,48307.0,Central
NM-18520,Neoma Murray,susangarcia682@gmail.com,(792)476-2388,"750 David Extension
North Cody, PR 48115",Consumer,United States,Houston,Texas,77036.0,Central
TM-21010,Tamara Manning,sarahmaldonado138@gmail.com,#ERROR!,"752 Morse Rapid
East Sharonmouth, NE 97710",Consumer,United States,Auburn,New York,13021.0,East
AW-10930,Arthur Wiediger,janicegarcia196@gmail.com,(702)818-0602,"7536 Yang Court
New Jennifermouth, LA 34189",Home Office,United States,Minneapolis,Minnesota,55407.0,Central
MY-18295,Muhammed YeDwab#,sheilajohnson543@gmail.com,001-160-147-6800,"75618 Monica Neck Apt. 261
South Becky, GA 02559",Corporate,United States,Baltimore,Maryland,21215.0,East
DK-12895,Dana Kaydos,cliffordgray485@gmail.com,398.851.7793x450,"76030 Sarah Ford Apt. 376
South Jeffrey, PW 67909",Consumer,United States,Kenosha,Wisconsin,53142.0,Central
AW-10840,Anth 34789ony Witt,jadewall660@gmail.com,(888)212-1295x2544,"762 Anita Lake Suite 890
Josefurt, OH 77880",Consumer,United States,Farmington,New Mexico,87401.0,West
EH-13990,Erica Hackney,robertsmith696@gmail.com,941-755-0595x2475,"762 Drake Spur
Jamesview, HI 81001",Consumer,United States,Bellevue,Washington,98006.0,West
BM-11650,Brian Moss,alexandramorales748@gmail.com,832-491-3697,"764 Julia Shores Apt. 728
South Paulahaven, MS 91165",Corporate,United States,Columbia,Maryland,21044.0,East
RW-19690,Robert Waldorf,josewhite832@gmail.com,125-724-8163x50649,"764 Vaughn Manors Suite 793
Port Kristentown, AS 55504",Consumer,United States,Springfield,Missouri,65807.0,Central
GM-14440,Gary McGarr,derrickross788@gmail.com,754.410.4908,"7651 Thompson Mall Suite 811
Sanchezmouth, MD 64858",Consumer,United States,San Francisco,California,94122.0,West
BN-11515,Bradley Nguyen,ericharvey127@gmail.com,(506)434-8876x9307,"7654 Delgado Ford
Youngview, KS 11812",Consumer,United States,Seattle,Washington,98103.0,West
DN-13690,Duane Noonan,andreavelasquez582@gmail.com,001-193-022-8900x7350,"766 Wright Burgs
Smithbury, CA 69463",Consumer,United States,Columbia,Maryland,21044.0,East
AF-10870,Art Ferguson,kimberlymora513@gmail.com,178967409,"7679 Perry Square
West Amybury, RI 15144",Consumer,United States,Passaic,New Jersey,7055.0,East
MG-17875,Michael Grace,charlotteward691@gmail.com,001-895-334-8610x89235,"769 Wells Curve
Mitchellton, OH 37202",Home Office,United States,Aurora,Illinois,60505.0,Central
RE-19450,Rich.-=%&*ard Eichhorn,richardblackwell931@gmail.com,135.736.4337,"771 Patton Parks Apt. 730
Port Wesleytown, LA 99405",Consumer,United States,Decatur,Illinois,62521.0,Central
DP-13390,Dennis Pardue,melissagaines325@gmail.com,632-497-4059,"77168 Darrell Island Suite 048
West Kayla, NC 82111",Home Office,United States,San Francisco,California,94110.0,West
MP-18175,Mike Pelletier,carolwalton314@gmail.com,(943)108-6599x2496,"7730 Timothy Station Suite 816
Ericchester, WA 14641",Home Office,United States,San Francisco,California,94110.0,West
CS-11845,Cari Sayre,jeffreydiaz916@gmail.com,679.460.4690,"777 Sarah Islands
New Peterside, IN 38052",Corporate,United States,Seattle,Washington,98105.0,West
JE-15715,Joe Elijah,kimberlygarza133@gmail.com,069-995-0203x40965,"781 Donna Trail Apt. 873
New Angelside, CO 92459",Consumer,United States,Houston,Texas,77070.0,Central
GT-14755,Guy Thornton,kimberlyrichardson665@gmail.com,129.158.0036,"783 Kelly Camp
Georgetown, FM 83628",Consumer,United States,Los Angeles,California,90049.0,West
FC-14245,Frank Carlisle,adamjohnson141@gmail.com,198.859.3112x7260,"78625 Jensen Point Apt. 961
North Jonathanborough, DC 23777",Home Office,United States,Lakewood,Ohio,44107.0,East
GM-14680,Greg Matthias,cathywalker983@gmail.com,#ERROR!,"788 Pittman Street Suite 434
South Heatherhaven, PR 85197",Consumer,United States,New York City,New York,10011.0,East
BF-11080,Bart Folk,josephhernandez496@gmail.com,221-465-0888x064,"7913 Watson Station Apt. 861
Michaelchester, WY 29884",Consumer,United States,New York City,New York,10024.0,East
BS-11755,Bruce Stewart,robertmoore437@gmail.com,(855)416-8326x1239,"7939 Gomez Ridges Suite 313
Campostown, IN 58852",Consumer,United States,Los Angeles,California,90032.0,West
TB-21055,Ted Butterfield,susanhenson229@gmail.com,923-931-2840,"7948 Kari Corners Apt. 671
South Shelley, KY 97885",Consumer,United States,Quincy,Massachusetts,2169.0,East
LT-16765,Larry Tron,jessicaellis902@gmail.com,(665)407-7494,"796 Green Dale Apt. 099
Barkerfurt, PA 72465",Consumer,United States,Escondido,California,92025.0,West
LC-16930,Linda Cazamias,juliemartinez577@gmail.com,360.855.0449x5357,"79712 Pittman Inlet
Wongview, NH 10509",Corporate,United States,Richmond,Indiana,47374.0,Central
TB-21190,Thomas Brumley,keithrios949@gmail.com,268.929.0263,"7980 Randall Parks Apt. 533
New Markchester, NM 48183",Home Office,United States,Fayetteville,Arkansas,72701.0,South
GB-14530,Ge 1234orge Bell,kylebright610@gmail.com,#ERROR!,"79812 Michael Forest Apt. 975
Port Ambermouth, KS 82973",Corporate,United States,Auburn,New York,13021.0,East
RD-19660,Robert Dilbeck,tiffanysanchez577@gmail.com,160.315.5908x5614,"7985 Henderson Manors
North Sarah, IL 24060",Home Office,United States,Saint Peters,Missouri,63376.0,Central
EJ-14155,Eva Jacobs,brianscott271@gmail.com,884.302.5590x92293,"80127 Eugene Villages
East Derek, KS 37501",Consumer,United States,Franklin,Massachusetts,2038.0,East
KD-16345,Katherine Ducich,jennifermcfarland134@gmail.com,#ERROR!,"8031 Maddox Meadow
Brianhaven, WV 42988",Consumer,United States,Westminster,California,92683.0,West
DB-12970,Darren Budd,gracehartman875@gmail.com,911.952.3579,"80376 Jonathan Drive Suite 650
Port Riley, VA 91550",Corporate,United States,New York City,New York,10035.0,East
KE-16420,Kat rina Edelman,lesliethomas851@gmail.com,(177)851-2248x849,"80470 Kimberly Prairie
Williamton, PR 40522",Corporate,United States,Los Angeles,California,90008.0,West
ED-13885,,margaretnelson922@gmail.com,(052)704-5782,"80490 Martinez Expressway
Port Stephanie, MS 05552",Home Office,United States,Houston,Texas,77095.0,Central
DL-13330,Denise Leinenbach,sarahgilbert246@gmail.com,872.600.5792x5344,"807 David Flat
Port Jack, OR 10748",Consumer,United States,New York City,New York,10009.0,East
RB-19435,Richard Bierner,amybailey734@gmail.com,6131257217,"80843 Anthony Island
Bauerhaven, MT 63462",Consumer,United States,Columbus,Ohio,43229.0,East
JO-15550,Jesus Ocampo,marcgriffith760@gmail.com,353.963.7257x10953,"812 Jensen Camp Apt. 518
East Michelle, VA 21095",Home Office,United States,Omaha,Nebraska,68104.0,Central
CC-12475,Cindy Chapman,jameskeith264@gmail.com,001-135-807-4323,"81211 Brandon Bridge
Walshtown, KY 49568",Consumer,United States,Philadelphia,Pennsylvania,19143.0,East
BM-11575,Brendan Murry,paulbrown927@gmail.com,025-529-0040x3086,"81623 James Ville Apt. 514
South Janice, NH 60175",Corporate,United States,Montebello,California,90640.0,West
Dp-13240,Dean perceR__#$#,dianetanner123@gmail.com,(966)286-0443x4014,"8167 Macdonald Forks
North Rodney, FL 94873",Home Office,United States,Charlotte,North Carolina,28205.0,South
BF-11005,Barry Franz,kevinwatkins979@gmail.com,003.814.3093,"8175 Hicks Stravenue
Michaeltown, FM 63439",Home Office,United States,Pasadena,Texas,77506.0,Central
LS-17245,Lynn Smith,suzannethompson851@gmail.com,328.371.0868x55145,"818 Melissa Fork
South Lauraside, ND 40840",Consumer,United States,Gladstone,Missouri,64118.0,Central
GD-14590,Giulietta Dortch,timothygutierrez760@gmail.com,874.205.5645x59917,"81870 Kemp Tunnel
Salinasberg, MI 70073",Corporate,United States,Arlington,Virginia,22204.0,South
PM-18940,Paul MacIntyre,manuelfletcher363@gmail.com,(119)583-1763x1603,"81877 Cardenas Ramp
West Morgan, AS 38579",Consumer,United States,Texas City,Texas,77590.0,Central
SC-20260,Scott Cohen,nathanielarroyo803@gmail.com,608.468.2440x952,"8200 Danny Road
Patrickchester, NH 80499",Corporate,United States,San Francisco,California,94110.0,West
JF-15190,Jamie Frazer,christinejohnson708@gmail.com,1623642034,"82029 Ruth Crest
North Suzanne, OR 84663",Consumer,United States,Johnson City,Tennessee,37604.0,South
DC-12850,Dan Campbell,rebeccarobinson502@gmail.com,#ERROR!,"8204 Tina Shoal
Boyleside, MT 47408",Consumer,United States,Cleveland,Ohio,44105.0,East
EH-13765,Edward Hooks,craigmoore519@gmail.com,580.602.6240,"823 Gardner Alley
Fuentestown, PA 98888",Corporate,United States,Revere,Massachusetts,2151.0,East
SH-20635,Stefanie Holloman,kennethhuff143@gmail.com,141.456.8295,"82424 Rivera Valleys
Higginsmouth, PR 19959",Corporate,United States,Sacramento,California,95823.0,West
LD-16855,Lela Donovan,amberwallace936@gmail.com,001-775-863-2764,"8253 Henson Islands Apt. 818
North Tiffany, VI 76621",Corporate,United States,Chicago,Illinois,60653.0,Central
JC-15775,John Castell,jeffreyhancock187@gmail.com,980.790.5456,"8261 Kayla Motorway Apt. 866
Masonbury, NM 83016",Consumer,United States,Los Angeles,California,90032.0,West
SH-19975,,rachelflores224@gmail.com,-7269,"8344 Knight Ridge Apt. 802
Jasonbury, VT 64185",Corporate,United States,Milwaukee,Wisconsin,53209.0,Central
VP-21730,Victor Preis,taradavis415@gmail.com,5752001639,"8348 Andrew Via Apt. 854
Hardingbury, AL 43885",Home Office,United States,New York City,New York,10011.0,East
CS-12355,Christine Sundaresam,christinesmith610@gmail.com,2694528654,"8372 Michael Ferry
East Christina, VI 14781",Consumer,United States,Hollywood,Florida,33021.0,South
SP-20620,Stefania Perrino,jeffreybrown816@gmail.com,2917451445,"8376 Johnson Walk
South Xaviermouth, ID 76781",Corporate,United States,Colorado Springs,Colorado,80906.0,West
AS-10240,Alan Shonely,josepoole425@gmail.com,(516)197-5637,"8382 Leslie Burgs
West Robert, NJ 30160",Consumer,United States,Tampa,Florida,33614.0,South
JD-16060,Julia Dunbar,jefferyrobinson371@gmail.com,502-706-3526x9144,"8387 White Cape Suite 477
Rickyville, CT 69980",Consumer,United States,Rochester,Minnesota,55901.0,Central
GM-14500,Gene McClure,karendavis924@gmail.com,147.016.4724x36230,"8428 Norma Street
East Angela, MP 97256",Consumer,United States,Pharr,Texas,78577.0,Central
DS-13030,Darrin Sayre,kyleruiz137@gmail.com,274.877.4937,"8429 Angela Landing
Jennamouth, GU 92289",Home Office,United States,San Francisco,California,94122.0,West
CG-12520,Claire Gute,brettburns922@gmail.com,594-108-8882x66426,"843 Kiara Islands Suite 610
New Samantha, ND 05439",Consumer,United States,Dallas,Texas,75217.0,Central
MH-17440,Mark Haberlin,deniserubio175@gmail.com,901.712.9561x660,"844 Carla Common
Rasmussenhaven, TX 15457",Corporate,United States,Jackson,Mississippi,39212.0,South
SS-20140,Saphhira Shifley,amberarnold868@gmail.com,001-877-983-1069,"8440 Riddle Shoal
East Kirk, NY 68165",Corporate,United States,Columbus,Georgia,31907.0,South
SM-20905,Susan MacKendrick,colleengarza896@gmail.com,1608898879,"84442 Haley Roads Suite 846
East Valerieville, PR 86566",Consumer,United States,Newark,Ohio,43055.0,East
DB-13660,Duane Benoit,zacharykane481@gmail.com,001-116-195-1160x508,"84894 Kimberly Stravenue Apt. 826
Haroldburgh, IA 33839",Consumer,United States,Los Angeles,California,90036.0,West
BF-11020,Barry Französisch,allisonsweeney527@gmail.com,365.405.8522x3846,"850 Smith Squares Suite 535
North Kimberlyborough, GA 18207",Corporate,United States,Los Angeles,California,90032.0,West
LP-17095,Liz Preis,vanessalittle351@gmail.com,164.478.0963,"85002 Calderon Vista
Port Robertton, OH 64294",Consumer,United States,Fairfield,Ohio,45014.0,East
DE-13255,,carloswallace910@gmail.com,#ERROR!,"851 Olivia Lake
Ryanburgh, FM 94711",Home Office,United States,Los Angeles,California,90004.0,West
EB-13840,Ellis Ballard,patriciagarcia552@gmail.com,195-066-0140x2015,"8515 Alexander Village Suite 769
Robertoton, IA 83199",Corporate,United States,Seattle,Washington,98105.0,West
LC-16885,Lena Creighton,sarastrickland864@gmail.com,161-622-8947x018,"85157 Shawn Plains Suite 205
Port Anthonystad, CO 26550",Consumer,United States,Roseville,California,95661.0,West
SV-20815,Stuart Van,jamieflores144@gmail.com,#ERROR!,"852 Morgan Hollow
Johntown, PA 47212",Corporate,United States,Houston,Texas,77041.0,Central
CA-12265,Christina Anderson,philiprobinson217@gmail.com,474-109-1567,"85259 Obrien Ridge
Fergusonborough, IN 93154",Consumer,United States,Provo,Utah,84604.0,West
GW-14605,Giulietta Weimer,josephrobinson395@gmail.com,025.378.8617x997,"853 Hester Path Apt. 426
West Karenview, WA 12488",Consumer,United States,Seattle,Washington,98115.0,West
SV-20365,Seth Vernon,stephenhanson800@gmail.com,668-779-0219,"85386 Amy Trail Suite 437
New Jennifer, FM 08099",Consumer,United States,Los Angeles,California,90049.0,West
KH-16510,Keith Herrera,christinacrawford351@gmail.com,-6813,"8539 Smith Rue Apt. 171
Port John, MH 91836",Consumer,United States,San Bernardino,California,92404.0,West
HG-15025,Hunter Glantz,richardbarrera408@gmail.com,#ERROR!,"855 Joy Trail
East Tiffany, FM 28782",Consumer,United States,Los Angeles,California,90032.0,West
TS-21430,Tom Stivers,zacharyhill230@gmail.com,104-592-4472,"855 Smith Springs
Matthewberg, FM 76552",Corporate,United States,San Diego,California,92105.0,West
HZ-14950,Henia Zydlo,seansmith996@gmail.com,#ERROR!,"8558 Johnson Canyon Suite 937
Port Kristinshire, TX 99472",Consumer,United States,Columbus,Ohio,43229.0,East
TB-21625,Trudy Brown,danieldavies989@gmail.com,085-514-5425x664,"85601 Baker Ridge Suite 159
North Julie, IL 47724",Consumer,United States,Los Angeles,California,90004.0,West
KT-16480,Kean Thornton,andrewpalmer553@gmail.com,977-718-1112x85212,"857 Catherine Views
Williamberg, MT 17509",Consumer,United States,Houston,Texas,77095.0,Central
TC-21145,Theresa Coyne,zacharygonzales193@gmail.com,#ERROR!,"8574 Melissa Trail Apt. 386
Hamiltonborough, WV 67383",Corporate,United States,Lakewood,New Jersey,8701.0,East
